{"stats":{"minecraft:custom":{"minecraft:jump":30,"minecraft:time_since_rest":114,"minecraft:damage_dealt":20,"minecraft:deaths":1,"minecraft:sprint_one_cm":4825,"minecraft:leave_game":2,"minecraft:play_time":4128,"minecraft:damage_taken":270,"minecraft:time_since_death":345,"minecraft:walk_one_cm":17583,"minecraft:total_world_time":4128,"minecraft:fly_one_cm":182},"minecraft:mined":{"minecraft:sand":2},"minecraft:killed_by":{"undead_revamp2:the_moonflower":1},"minecraft:picked_up":{"minecraft:sand":2}},"DataVersion":3465}