{"stats":{"minecraft:killed":{"minecraft:husk":3,"minecraft:spider":1,"undead_revamp2:thebeartamer":1,"minecraft:skeleton":3,"minecraft:zombie":1,"iceandfire:ghost":1,"alexsmobs:bison":1,"undead_revamp2:thespitter":1,"minecraft:cow":1},"minecraft:crafted":{"minecraft:wooden_sword":1,"minecraft:oak_planks":32,"minecraft:stick":4,"minecraft:wooden_axe":1,"minecraft:shears":1,"minecraft:wheat":9},"minecraft:used":{"epicfight:skillbook":1,"minecraft:dark_oak_sign":1,"minecraft:oak_planks":13,"minecraft:iron_sword":22,"minecraft:spruce_stairs":2,"minecraft:carrot":2,"tombstone:bag_of_seeds":1,"minecraft:oak_log":3,"minecraft:apple":4,"minecraft:bread":18,"minecraft:cyan_bed":2,"epicfight:glove":2,"minecraft:iron_boots":1,"minecraft:stone_axe":19,"minecraft:wooden_sword":41,"tombstone:gift":2,"minecraft:iron_leggings":1,"minecraft:experience_bottle":1},"minecraft:dropped":{"dynamictrees:oak_seed":3,"iceandfire:ghost_ingot":1,"alexsmobs:animal_dictionary":1,"tombstone:gift":1,"minecraft:iron_helmet":1,"minecraft:rotten_flesh":2,"minecraft:leather":2,"minecraft:shears":1,"minecraft:coal_block":1,"tombstone:bag_of_seeds":1,"minecraft:wooden_axe":1,"dynamictrees:cherry_seed":4,"minecraft:string":2,"minecraft:cyan_bed":1},"minecraft:killed_by":{"undead_revamp2:thehunter":2,"minecraft:husk":10,"undead_revamp2:the_moonflower":3,"minecraft:skeleton":9,"minecraft:zombie":1},"minecraft:broken":{"minecraft:wooden_sword":1},"minecraft:custom":{"minecraft:interact_with_furnace":2,"minecraft:mob_kills":14,"minecraft:animals_bred":1,"minecraft:interact_with_crafting_table":3,"minecraft:open_barrel":10,"minecraft:eat_cake_slice":7,"minecraft:interact_with_grindstone":1,"minecraft:leave_game":3,"minecraft:time_since_death":36658,"minecraft:sleep_in_bed":2,"minecraft:climb_one_cm":4207,"minecraft:time_since_rest":31412,"minecraft:sprint_one_cm":244161,"minecraft:damage_taken":7889,"minecraft:walk_one_cm":663165,"minecraft:drop":14,"minecraft:damage_dealt":3124,"minecraft:swim_one_cm":7615,"minecraft:talked_to_villager":1,"minecraft:fly_one_cm":335350,"minecraft:open_chest":13,"minecraft:crouch_one_cm":1974,"minecraft:play_time":102960,"tombstone:undead_killed":10,"minecraft:deaths":25,"minecraft:sneak_time":623,"minecraft:walk_under_water_one_cm":1864,"minecraft:jump":1527,"minecraft:interact_with_blast_furnace":4,"minecraft:total_world_time":102960,"minecraft:walk_on_water_one_cm":2803,"minecraft:fall_one_cm":28265},"minecraft:picked_up":{"minecraft:pink_petals":1,"minecraft:iron_chestplate":2,"minecraft:rabbit_stew":1,"minecraft:leather":2,"minecraft:potion":1,"minecraft:oak_log":45,"iceandfire:ectoplasm":2,"minecraft:dirt":2,"minecraft:string":2,"minecraft:wooden_sword":1,"minecraft:iron_leggings":2,"minecraft:armor_stand":2,"minecraft:experience_bottle":2,"minecraft:bone":6,"iceandfire:ghost_ingot":2,"iceandfire:bestiary":1,"minecraft:bow":2,"minecraft:wheat_seeds":1,"minecraft:iron_ingot":2,"minecraft:beef":3,"minecraft:dark_oak_sign":1,"dynamictrees:oak_seed":3,"tombstone:bag_of_seeds":2,"minecraft:coal_block":1,"minecraft:iron_boots":2,"minecraft:stick":39,"minecraft:spruce_stairs":2,"sophisticatedbackpacks:backpack":1,"epicfight:skillbook":1,"minecraft:cyan_bed":4,"minecraft:dark_oak_planks":7,"minecraft:arrow":8,"minecraft:rotten_flesh":11,"minecraft:stone_axe":1,"minecraft:hay_block":16,"minecraft:iron_helmet":2,"epicfight:glove":2,"dynamictrees:cherry_seed":4,"minecraft:gold_ingot":2,"minecraft:bread":3,"minecraft:coal":2},"minecraft:mined":{"minecraft:dark_oak_planks":7,"minecraft:red_carpet":1,"minecraft:powder_snow":3,"minecraft:grass_block":3,"minecraft:cyan_bed":3,"minecraft:pink_petals":1,"minecraft:spruce_stairs":2,"minecraft:hay_block":15,"dynamictrees:oak_leaves":1,"minecraft:grass":2,"minecraft:oak_log":3,"sophisticatedbackpacks:backpack":1}},"DataVersion":3465}