{"stats":{"minecraft:dropped":{"minecraft:bread":36,"minecraft:wheat_seeds":2,"dynamictrees:oak_seed":3,"iceandfire:ghost_ingot":1,"alexsmobs:animal_dictionary":1,"minecraft:wheat":1,"undead_revamp2:arapholia":1,"tombstone:gift":1,"minecraft:iron_helmet":1,"minecraft:cobblestone":3,"minecraft:rotten_flesh":4,"minecraft:leather":2,"minecraft:granite":2,"minecraft:shears":1,"minecraft:coal_block":1,"minecraft:dirt":21,"tombstone:bag_of_seeds":1,"minecraft:wooden_axe":1,"undead_revamp2:the_somnolenceextract":1,"minecraft:chain":1,"minecraft:gold_nugget":272,"dynamictrees:cherry_seed":4,"minecraft:string":2,"minecraft:cyan_bed":1,"iceandfire:dragonbone":3,"epicfight:skillbook":1},"minecraft:killed":{"minecraft:husk":3,"alexsmobs:raccoon":1,"minecraft:spider":2,"iceandfire:troll":1,"undead_revamp2:the_moonflower":1,"undead_revamp2:thesmoker":1,"undead_revamp2:thebeartamer":1,"minecraft:skeleton":4,"undead_revamp2:thesomnolence":1,"minecraft:zombie":4,"iceandfire:ghost":1,"alexsmobs:bison":1,"undead_revamp2:thehorrors":1,"undead_revamp2:thespitter":1,"minecraft:cow":1},"minecraft:picked_up":{"minecraft:pink_petals":1,"minecraft:iron_chestplate":2,"minecraft:crafting_table":1,"minecraft:rabbit_stew":1,"minecraft:leather":2,"minecraft:potion":1,"minecraft:oak_log":45,"iceandfire:ectoplasm":2,"minecraft:string":2,"minecraft:dirt":23,"minecraft:wooden_sword":1,"minecraft:iron_leggings":2,"minecraft:leather_boots":1,"minecraft:armor_stand":2,"minecraft:bone":6,"minecraft:experience_bottle":2,"iceandfire:ghost_ingot":2,"minecraft:bow":2,"iceandfire:bestiary":1,"minecraft:wheat_seeds":2,"minecraft:gold_nugget":332,"minecraft:iron_ingot":2,"minecraft:beef":3,"dynamictrees:birch_seed":2,"minecraft:dark_oak_sign":1,"tombstone:bag_of_seeds":3,"dynamictrees:oak_seed":3,"minecraft:coal_block":1,"minecraft:oak_planks":1,"minecraft:iron_boots":2,"minecraft:stick":43,"iceandfire:dragonbone":3,"minecraft:spruce_stairs":2,"sophisticatedbackpacks:backpack":1,"epicfight:skillbook":2,"minecraft:cyan_bed":14,"minecraft:dark_oak_planks":7,"minecraft:arrow":8,"minecraft:rotten_flesh":18,"minecraft:stone_axe":1,"epicfight:glove":2,"minecraft:hay_block":16,"minecraft:iron_helmet":2,"minecraft:granite":2,"dynamictrees:cherry_seed":4,"minecraft:gold_ingot":2,"undead_revamp2:the_somnolenceextract":1,"minecraft:bread":5,"minecraft:coal":2,"undead_revamp2:arapholia":1,"minecraft:snowball":13,"minecraft:cobblestone":3},"minecraft:broken":{"minecraft:wooden_sword":1},"minecraft:crafted":{"minecraft:wooden_sword":1,"minecraft:oak_planks":32,"minecraft:bread":47,"minecraft:stick":4,"minecraft:wooden_axe":1,"minecraft:shears":1,"minecraft:wheat":144},"minecraft:killed_by":{"undead_revamp2:thehunter":2,"minecraft:husk":10,"undead_revamp2:the_moonflower":3,"minecraft:skeleton":10,"minecraft:zombie":2,"iceandfire:troll":1,"iceandfire:fire_dragon":6,"undead_revamp2:thehorrors":1},"minecraft:used":{"epicfight:skillbook":1,"minecraft:dark_oak_sign":1,"minecraft:oak_planks":23,"minecraft:iron_sword":70,"minecraft:leather_boots":1,"minecraft:carrot":2,"minecraft:spruce_stairs":2,"tombstone:bag_of_seeds":1,"minecraft:oak_log":3,"minecraft:apple":6,"minecraft:bread":36,"minecraft:cyan_bed":12,"epicfight:glove":16,"minecraft:iron_boots":2,"minecraft:wooden_sword":41,"minecraft:stone_axe":41,"tombstone:gift":2,"minecraft:experience_bottle":2,"minecraft:iron_leggings":1},"minecraft:custom":{"minecraft:interact_with_furnace":2,"minecraft:mob_kills":25,"minecraft:animals_bred":1,"minecraft:interact_with_crafting_table":6,"minecraft:open_barrel":10,"minecraft:interact_with_grindstone":1,"minecraft:eat_cake_slice":7,"minecraft:leave_game":3,"minecraft:time_since_death":475,"minecraft:sleep_in_bed":9,"minecraft:climb_one_cm":4681,"minecraft:time_since_rest":1,"minecraft:sprint_one_cm":422846,"minecraft:damage_taken":11605,"minecraft:walk_one_cm":930682,"minecraft:drop":45,"minecraft:damage_dealt":6293,"minecraft:swim_one_cm":36976,"minecraft:talked_to_villager":1,"minecraft:fly_one_cm":583547,"minecraft:open_chest":29,"minecraft:crouch_one_cm":4543,"minecraft:play_time":150370,"tombstone:undead_killed":17,"minecraft:deaths":36,"minecraft:sneak_time":1075,"minecraft:walk_under_water_one_cm":8984,"minecraft:jump":2922,"minecraft:interact_with_blast_furnace":4,"minecraft:total_world_time":150370,"minecraft:walk_on_water_one_cm":12517,"minecraft:fall_one_cm":53937},"minecraft:mined":{"minecraft:dark_oak_planks":7,"minecraft:red_carpet":1,"minecraft:powder_snow":3,"minecraft:grass_block":6,"minecraft:cyan_bed":13,"minecraft:oak_planks":2,"minecraft:pink_petals":1,"minecraft:spruce_stairs":2,"minecraft:hay_block":15,"dynamictrees:oak_leaves":1,"minecraft:fire":2,"minecraft:grass":2,"minecraft:oak_log":3,"iceandfire:gold_pile":33,"minecraft:dirt":3,"sophisticatedbackpacks:backpack":1}},"DataVersion":3465}