{"stats":{"minecraft:dropped":{"minecraft:bread":36,"minecraft:iron_sword":1,"minecraft:wheat_seeds":2,"minecraft:cobblestone":3,"minecraft:iron_helmet":1,"minecraft:leather":2,"minecraft:granite":2,"minecraft:coal_block":1,"minecraft:dirt":21,"tombstone:bag_of_seeds":1,"minecraft:wooden_axe":1,"undead_revamp2:the_somnolenceextract":1,"tombstone:grave_dust":8,"minecraft:iron_leggings":1,"minecraft:chain":1,"minecraft:gold_nugget":272,"dynamictrees:cherry_seed":4,"minecraft:string":2,"iceandfire:dragonbone":3,"dynamictrees:oak_seed":3,"iceandfire:ghost_ingot":1,"alexsmobs:animal_dictionary":1,"minecraft:wheat":1,"undead_revamp2:arapholia":1,"tombstone:gift":1,"minecraft:rotten_flesh":8,"minecraft:iron_boots":1,"minecraft:shears":1,"minecraft:iron_chestplate":1,"minecraft:cyan_bed":1,"epicfight:skillbook":1},"minecraft:killed":{"alexsmobs:raccoon":1,"minecraft:spider":3,"undead_revamp2:thesmoker":1,"minecraft:skeleton":5,"alexsmobs:bison":1,"undead_revamp2:thehorrors":1,"undead_revamp2:sucker":3,"undead_revamp2:thespitter":1,"minecraft:husk":3,"iceandfire:troll":1,"undead_revamp2:the_moonflower":2,"undead_revamp2:thebeartamer":1,"undead_revamp2:thesomnolence":1,"minecraft:zombie":6,"iceandfire:ghost":1,"minecraft:cow":1},"minecraft:picked_up":{"minecraft:crafting_table":1,"minecraft:iron_chestplate":2,"minecraft:rabbit_stew":1,"minecraft:potion":1,"minecraft:string":3,"minecraft:wooden_sword":1,"minecraft:iron_leggings":2,"minecraft:armor_stand":2,"minecraft:experience_bottle":2,"iceandfire:ghost_ingot":2,"iceandfire:bestiary":1,"minecraft:gold_nugget":332,"minecraft:beef":3,"dynamictrees:oak_seed":3,"minecraft:coal_block":1,"minecraft:iron_boots":2,"minecraft:stick":43,"iceandfire:dragonbone":3,"minecraft:spruce_stairs":2,"sophisticatedbackpacks:backpack":1,"epicfight:skillbook":2,"tombstone:grave_dust":8,"minecraft:dark_oak_planks":7,"minecraft:arrow":9,"minecraft:rotten_flesh":22,"minecraft:hay_block":16,"epicfight:glove":2,"undead_revamp2:the_somnolenceextract":1,"minecraft:gold_ingot":2,"minecraft:snowball":13,"undead_revamp2:arapholia":1,"minecraft:cobblestone":3,"minecraft:pink_petals":1,"minecraft:leather":2,"minecraft:oak_log":45,"iceandfire:ectoplasm":2,"minecraft:dirt":24,"minecraft:leather_boots":1,"minecraft:bone":7,"minecraft:bow":2,"minecraft:wheat_seeds":2,"minecraft:iron_ingot":2,"dynamictrees:birch_seed":2,"minecraft:dark_oak_sign":1,"tombstone:bag_of_seeds":3,"minecraft:oak_planks":1,"minecraft:iron_sword":1,"minecraft:cyan_bed":14,"minecraft:stone_axe":1,"minecraft:iron_helmet":2,"minecraft:granite":2,"dynamictrees:cherry_seed":4,"minecraft:bread":9,"minecraft:coal":2},"minecraft:broken":{"minecraft:wooden_sword":1,"minecraft:iron_hoe":1},"minecraft:killed_by":{"minecraft:husk":10,"undead_revamp2:the_moonflower":3,"undead_revamp2:thehorrors":1,"undead_revamp2:thehunter":2,"minecraft:skeleton":10,"minecraft:zombie":2,"iceandfire:troll":1,"iceandfire:fire_dragon":6},"minecraft:crafted":{"minecraft:wooden_sword":1,"minecraft:oak_planks":32,"minecraft:iron_hoe":2,"minecraft:wheat":144,"minecraft:bread":47,"minecraft:stick":4,"minecraft:wooden_axe":1,"minecraft:shears":1},"minecraft:used":{"minecraft:iron_sword":97,"minecraft:dirt":1,"minecraft:spruce_stairs":2,"minecraft:carrot":2,"minecraft:iron_hoe":376,"epicfight:glove":16,"minecraft:iron_boots":2,"minecraft:bow":1,"tombstone:gift":2,"minecraft:iron_leggings":1,"epicfight:skillbook":1,"minecraft:dark_oak_sign":1,"minecraft:oak_planks":23,"minecraft:leather_boots":1,"minecraft:crafting_table":1,"minecraft:oak_log":3,"tombstone:bag_of_seeds":1,"minecraft:apple":14,"minecraft:cyan_bed":13,"minecraft:bread":41,"minecraft:stone_axe":41,"minecraft:wooden_sword":41,"minecraft:experience_bottle":2},"minecraft:custom":{"minecraft:mob_kills":33,"minecraft:animals_bred":1,"minecraft:interact_with_crafting_table":9,"minecraft:open_barrel":10,"minecraft:eat_cake_slice":7,"minecraft:leave_game":3,"minecraft:time_since_death":31393,"minecraft:climb_one_cm":4884,"minecraft:sprint_one_cm":519263,"minecraft:walk_one_cm":1026338,"minecraft:drop":58,"minecraft:damage_dealt_absorbed":58,"minecraft:talked_to_villager":1,"minecraft:play_time":186370,"minecraft:deaths":37,"minecraft:sneak_time":13102,"minecraft:walk_under_water_one_cm":33201,"minecraft:jump":3953,"minecraft:interact_with_blast_furnace":4,"minecraft:walk_on_water_one_cm":40925,"minecraft:total_world_time":186370,"minecraft:interact_with_furnace":2,"minecraft:interact_with_grindstone":1,"minecraft:sleep_in_bed":9,"minecraft:time_since_rest":28994,"minecraft:damage_taken":12354,"minecraft:damage_dealt":7640,"minecraft:swim_one_cm":52284,"minecraft:fly_one_cm":842218,"minecraft:open_chest":29,"minecraft:crouch_one_cm":32417,"tombstone:undead_killed":24,"minecraft:fall_one_cm":74075},"minecraft:mined":{"minecraft:dark_oak_planks":7,"minecraft:red_carpet":1,"minecraft:sculk_vein":37,"minecraft:grass_block":7,"minecraft:hay_block":15,"dynamictrees:oak_leaves":3,"minecraft:fire":2,"iceandfire:gold_pile":33,"sophisticatedbackpacks:backpack":1,"minecraft:powder_snow":3,"minecraft:cyan_bed":13,"minecraft:oak_planks":2,"minecraft:sculk":339,"minecraft:pink_petals":1,"minecraft:spruce_stairs":2,"minecraft:grass":2,"minecraft:oak_log":3,"minecraft:dirt":3}},"DataVersion":3465}