{"stats":{"minecraft:dropped":{"minecraft:enchanted_book":1,"minecraft:iron_ingot":68,"minecraft:bread":36,"minecraft:iron_sword":2,"minecraft:wheat_seeds":2,"dynamictrees:birch_seed":2,"minecraft:diamond":22,"minecraft:dripstone_block":1,"minecraft:iron_helmet":1,"minecraft:cobblestone":3,"minecraft:leather":2,"minecraft:granite":2,"minecraft:coal":2,"minecraft:leather_helmet":1,"minecraft:coal_block":1,"minecraft:dirt":21,"tombstone:bag_of_seeds":1,"minecraft:wooden_axe":1,"undead_revamp2:the_somnolenceextract":2,"minecraft:snowball":13,"tombstone:grave_dust":8,"minecraft:iron_leggings":1,"minecraft:chain":3,"minecraft:gold_nugget":272,"dynamictrees:cherry_seed":4,"iceandfire:armor_silver_metal_helmet":2,"minecraft:chainmail_leggings":1,"minecraft:string":2,"minecraft:bone":2,"iceandfire:dragonbone":3,"minecraft:furnace":1,"alexsmobs:maggot":1,"dynamictrees:oak_seed":5,"iceandfire:ghost_ingot":1,"alexsmobs:animal_dictionary":1,"minecraft:bowl":1,"minecraft:wheat":1,"tombstone:gift":1,"undead_revamp2:arapholia":1,"minecraft:rotten_flesh":9,"minecraft:iron_boots":3,"sophisticatedbackpacks:backpack":1,"minecraft:shears":1,"iceandfire:chain":1,"supplementaries:rope_arrow":1,"minecraft:iron_chestplate":1,"minecraft:ladder":3,"minecraft:diamond_boots":1,"minecraft:bow":2,"minecraft:arrow":4,"minecraft:cyan_bed":1,"epicfight:skillbook":2},"minecraft:killed":{"alexsmobs:raccoon":1,"minecraft:spider":3,"undead_revamp2:thesmoker":2,"undead_revamp2:theswarmer":1,"minecraft:skeleton":18,"alexsmobs:bison":1,"undead_revamp2:thehorrors":1,"undead_revamp2:sucker":7,"undead_revamp2:thespitter":1,"minecraft:husk":3,"iceandfire:troll":1,"undead_revamp2:the_moonflower":2,"undead_revamp2:theheavy":1,"undead_revamp2:thebeartamer":1,"undead_revamp2:thesomnolence":6,"minecraft:zombie":15,"iceandfire:ghost":1,"undead_revamp2:theskeeper":1,"iceandfire:ice_dragon":1,"alexsmobs:fly":1,"minecraft:cow":1},"minecraft:picked_up":{"minecraft:crafting_table":2,"minecraft:iron_chestplate":2,"minecraft:ladder":3,"minecraft:rabbit_stew":1,"minecraft:brown_mushroom":1,"iceandfire:chain":1,"minecraft:potion":1,"minecraft:string":7,"minecraft:wooden_sword":1,"minecraft:iron_leggings":2,"minecraft:armor_stand":2,"minecraft:experience_bottle":2,"iceandfire:ghost_ingot":2,"iceandfire:bestiary":1,"minecraft:gold_nugget":332,"minecraft:beef":22,"dynamictrees:oak_seed":5,"minecraft:coal_block":1,"minecraft:iron_boots":4,"minecraft:furnace":1,"minecraft:stick":50,"iceandfire:dragonbone":3,"minecraft:torch":2,"minecraft:spruce_stairs":2,"sophisticatedbackpacks:backpack":1,"epicfight:skillbook":4,"tombstone:grave_dust":8,"minecraft:dark_oak_planks":7,"minecraft:arrow":32,"minecraft:rotten_flesh":30,"minecraft:diamond_chestplate":2,"minecraft:pumpkin_pie":6,"minecraft:diamond_boots":1,"epicfight:glove":2,"minecraft:hay_block":16,"undead_revamp2:the_somnolenceextract":1,"minecraft:gold_ingot":2,"supplementaries:ash":1,"undead_revamp2:arapholia":1,"minecraft:snowball":13,"minecraft:cobblestone":3,"minecraft:pink_petals":1,"minecraft:leather":2,"minecraft:smoker":1,"minecraft:red_mushroom":1,"minecraft:oak_log":45,"iceandfire:ectoplasm":2,"minecraft:yellow_bed":3,"minecraft:dirt":24,"minecraft:leather_boots":1,"minecraft:bone":27,"minecraft:bow":4,"minecraft:wheat_seeds":3,"iceandfire:armor_silver_metal_helmet":1,"minecraft:iron_ingot":59,"dynamictrees:birch_seed":4,"minecraft:dark_oak_sign":1,"tombstone:bag_of_seeds":3,"minecraft:iron_sword":3,"minecraft:oak_planks":1,"sophisticatedbackpacks:diamond_backpack":1,"minecraft:dripstone_block":1,"minecraft:cyan_bed":15,"minecraft:leather_helmet":2,"undead_revamp2:heavytooth":2,"minecraft:stone_axe":1,"minecraft:chainmail_leggings":1,"minecraft:iron_helmet":2,"minecraft:granite":2,"dynamictrees:cherry_seed":4,"minecraft:bread":21,"alexsmobs:maggot":1,"minecraft:coal":8,"minecraft:diamond_pickaxe":1},"minecraft:broken":{"minecraft:wooden_sword":1,"minecraft:iron_hoe":1},"minecraft:killed_by":{"minecraft:husk":10,"undead_revamp2:the_moonflower":3,"undead_revamp2:thehorrors":1,"undead_revamp2:thehunter":2,"minecraft:skeleton":11,"minecraft:zombie":8,"iceandfire:troll":2,"iceandfire:fire_dragon":6},"minecraft:crafted":{"minecraft:wooden_sword":1,"minecraft:oak_planks":32,"minecraft:iron_hoe":2,"minecraft:wheat":144,"minecraft:cooked_beef":19,"minecraft:iron_sword":3,"minecraft:bread":47,"minecraft:air":0,"minecraft:stick":4,"minecraft:wooden_axe":1,"minecraft:shears":1},"minecraft:used":{"minecraft:iron_sword":250,"minecraft:torch":2,"minecraft:dirt":1,"minecraft:spruce_stairs":2,"minecraft:carrot":2,"iceandfire:armor_silver_metal_helmet":1,"minecraft:iron_hoe":542,"epicfight:glove":16,"minecraft:iron_helmet":1,"minecraft:iron_boots":2,"minecraft:rabbit_stew":1,"minecraft:bow":5,"minecraft:cooked_beef":3,"tombstone:gift":2,"minecraft:iron_leggings":1,"minecraft:water_bucket":1,"epicfight:skillbook":3,"minecraft:baked_potato":4,"minecraft:dark_oak_sign":1,"minecraft:oak_planks":23,"minecraft:leather_boots":1,"minecraft:crafting_table":1,"tombstone:bag_of_seeds":1,"minecraft:oak_log":3,"minecraft:apple":21,"minecraft:bread":57,"minecraft:cyan_bed":14,"minecraft:iron_pickaxe":3,"tombstone:magic_scroll":1,"minecraft:stone_axe":44,"minecraft:wooden_sword":41,"minecraft:bucket":2,"minecraft:pumpkin_pie":6,"minecraft:yellow_bed":3,"minecraft:experience_bottle":2},"minecraft:custom":{"minecraft:mob_kills":73,"minecraft:animals_bred":1,"minecraft:interact_with_crafting_table":15,"minecraft:open_barrel":22,"minecraft:damage_dealt_resisted":353,"minecraft:eat_cake_slice":7,"minecraft:leave_game":4,"minecraft:time_since_death":47347,"minecraft:climb_one_cm":20647,"minecraft:sprint_one_cm":721302,"minecraft:walk_one_cm":1538572,"minecraft:drop":97,"minecraft:damage_dealt_absorbed":58,"minecraft:talked_to_villager":1,"minecraft:play_time":264026,"minecraft:sneak_time":14031,"minecraft:deaths":45,"minecraft:walk_under_water_one_cm":57860,"minecraft:jump":5362,"minecraft:interact_with_blast_furnace":5,"minecraft:walk_on_water_one_cm":67749,"minecraft:total_world_time":264026,"minecraft:interact_with_furnace":6,"minecraft:interact_with_grindstone":1,"minecraft:sleep_in_bed":12,"minecraft:time_since_rest":23751,"minecraft:damage_taken":16606,"minecraft:damage_dealt":14359,"minecraft:swim_one_cm":62079,"minecraft:fly_one_cm":1034536,"minecraft:open_chest":49,"minecraft:crouch_one_cm":35371,"tombstone:undead_killed":54,"minecraft:interact_with_smoker":2,"minecraft:fall_one_cm":100048,"minecraft:inspect_dispenser":2},"minecraft:mined":{"minecraft:dark_oak_planks":7,"minecraft:red_carpet":1,"minecraft:sculk_vein":59,"minecraft:grass_block":7,"minecraft:hay_block":15,"dynamictrees:oak_leaves":3,"minecraft:furnace":1,"minecraft:fire":2,"dynamictrees:spruce_leaves":1,"iceandfire:gold_pile":33,"minecraft:stone":1,"sophisticatedbackpacks:backpack":1,"minecraft:smoker":1,"minecraft:powder_snow":3,"minecraft:crafting_table":1,"minecraft:cyan_bed":13,"minecraft:oak_planks":2,"minecraft:sculk":483,"minecraft:pink_petals":1,"minecraft:spruce_stairs":2,"sophisticatedbackpacks:diamond_backpack":2,"minecraft:yellow_bed":3,"minecraft:grass":5,"minecraft:oak_log":3,"minecraft:dirt":3,"minecraft:fern":1}},"DataVersion":3465}