{"stats":{"minecraft:used":{"minecraft:nether_brick_fence":1,"undead_revamp2:clogggerribswithbun":7,"minecraft:iron_sword":409,"minecraft:iron_chestplate":1,"minecraft:carrot":2,"minecraft:iron_helmet":2,"minecraft:rabbit_stew":1,"minecraft:bow":5,"minecraft:sweet_berries":6,"minecraft:egg":1,"epicfight:skillbook":4,"minecraft:dark_oak_sign":1,"minecraft:oak_planks":23,"minecraft:ender_pearl":1,"minecraft:blue_bed":9,"minecraft:golden_apple":4,"minecraft:mushroom_stew":1,"minecraft:cyan_bed":14,"minecraft:bread":74,"tombstone:grave_key":8,"minecraft:wooden_sword":41,"minecraft:experience_bottle":2,"minecraft:armor_stand":2,"minecraft:torch":2,"minecraft:dirt":17,"minecraft:spruce_stairs":2,"iceandfire:armor_silver_metal_helmet":1,"minecraft:nether_brick_stairs":1,"minecraft:iron_hoe":542,"epicfight:glove":16,"minecraft:iron_boots":2,"minecraft:beef":1,"waystones:warp_plate":1,"tombstone:gift":2,"minecraft:cooked_beef":21,"minecraft:iron_leggings":1,"minecraft:water_bucket":4,"iceandfire:armor_silver_chestplate":1,"minecraft:baked_potato":4,"iceandfire:armor_silver_leggings":1,"minecraft:leather_boots":2,"minecraft:crafting_table":1,"minecraft:cake":1,"minecraft:oak_log":3,"tombstone:bag_of_seeds":1,"minecraft:apple":26,"iceandfire:dragonbone_sword_fire":41,"minecraft:iron_pickaxe":78,"tombstone:magic_scroll":3,"iceandfire:armor_silver_boots":2,"minecraft:stone_axe":44,"minecraft:cobblestone":1,"minecraft:potion":1,"minecraft:bucket":5,"minecraft:yellow_bed":4,"minecraft:pumpkin_pie":6},"minecraft:broken":{"minecraft:wooden_sword":1,"minecraft:iron_hoe":1},"minecraft:killed":{"minecraft:cave_spider":13,"minecraft:spider":10,"undead_revamp2:thesmoker":3,"undead_revamp2:theswarmer":1,"minecraft:skeleton":44,"undead_revamp2:crackleball":2,"undead_revamp2:thespitter":2,"minecraft:pig":1,"minecraft:salmon":1,"undead_revamp2:theheavy":2,"undead_revamp2:thebeartamer":1,"minecraft:creeper":5,"minecraft:sheep":2,"minecraft:zombie":29,"minecraft:stray":4,"undead_revamp2:theskeeper":1,"alexsmobs:fly":1,"minecraft:cow":1,"alexsmobs:raccoon":1,"undead_revamp2:bomber":1,"minecraft:horse":1,"alexsmobs:bison":1,"undead_revamp2:thehorrors":1,"undead_revamp2:sucker":8,"minecraft:husk":9,"iceandfire:troll":1,"undead_revamp2:the_moonflower":5,"minecraft:bat":1,"undead_revamp2:thesomnolence":6,"iceandfire:ghost":1,"iceandfire:ice_dragon":1,"minecraft:wither_skeleton":16},"minecraft:crafted":{"minecraft:oak_planks":32,"minecraft:wooden_shovel":1,"minecraft:stick":4,"minecraft:shears":1,"minecraft:wooden_sword":1,"minecraft:coal":27,"minecraft:mushroom_stew":4,"minecraft:iron_hoe":2,"minecraft:wheat":144,"minecraft:cooked_beef":21,"minecraft:iron_sword":3,"minecraft:bread":47,"minecraft:air":0,"minecraft:wooden_axe":1},"minecraft:killed_by":{"undead_revamp2:the_moonflower":3,"iceandfire:ice_dragon":2,"minecraft:zombie":8,"iceandfire:fire_dragon":6,"minecraft:husk":10,"undead_revamp2:thehorrors":1,"undead_revamp2:thehunter":2,"minecraft:skeleton":13,"iceandfire:troll":2},"minecraft:dropped":{"minecraft:iron_sword":4,"minecraft:brown_mushroom":1,"minecraft:porkchop":2,"minecraft:ender_pearl":2,"minecraft:glass_bottle":1,"minecraft:diamond":22,"minecraft:leather":2,"dynamictrees:spruce_seed":1,"minecraft:leather_helmet":1,"minecraft:dirt":22,"tombstone:bag_of_seeds":1,"minecraft:mutton":3,"minecraft:snowball":13,"undead_revamp2:the_somnolenceextract":2,"minecraft:chain":3,"minecraft:gold_nugget":272,"minecraft:sunflower":3,"iceandfire:armor_silver_metal_helmet":2,"minecraft:bone":3,"minecraft:stone_axe":1,"dynamictrees:oak_seed":5,"minecraft:golden_chestplate":1,"alexsmobs:animal_dictionary":1,"minecraft:wheat":3,"tombstone:gift":3,"undead_revamp2:arapholia":5,"minecraft:rotten_flesh":14,"minecraft:chainmail_chestplate":2,"iceandfire:chain":1,"minecraft:quartz_block":5,"minecraft:ladder":3,"minecraft:arrow":4,"minecraft:stone_brick_stairs":1,"undead_revamp2:rawbostrox":2,"minecraft:enchanted_book":2,"minecraft:golden_boots":1,"minecraft:iron_ingot":134,"minecraft:bread":36,"minecraft:wheat_seeds":2,"minecraft:golden_helmet":1,"dynamictrees:birch_seed":2,"minecraft:dripstone_block":1,"minecraft:iron_helmet":1,"minecraft:cobblestone":3,"minecraft:granite":2,"minecraft:chainmail_helmet":1,"minecraft:coal":2,"minecraft:coal_block":1,"minecraft:diorite":1,"farmersdelight:cooking_pot":1,"minecraft:wooden_axe":1,"minecraft:rabbit":1,"tombstone:grave_dust":17,"minecraft:iron_leggings":1,"dynamictrees:cherry_seed":4,"minecraft:chainmail_leggings":1,"minecraft:string":2,"waystones:attuned_shard":4,"iceandfire:dragonbone":3,"minecraft:furnace":1,"alexsmobs:maggot":1,"iceandfire:ghost_ingot":1,"minecraft:bowl":1,"iceandfire:witherbone":4,"minecraft:clay_ball":4,"minecraft:iron_boots":3,"sophisticatedbackpacks:backpack":1,"waystones:warp_plate":1,"minecraft:shears":1,"supplementaries:rope_arrow":1,"minecraft:iron_chestplate":3,"minecraft:wooden_shovel":1,"minecraft:spider_eye":1,"minecraft:diamond_boots":1,"minecraft:bow":5,"minecraft:light_blue_terracotta":1,"minecraft:calcite":12,"minecraft:cyan_bed":1,"minecraft:black_wool":1,"epicfight:skillbook":4},"minecraft:picked_up":{"minecraft:iron_chestplate":5,"minecraft:wheat":2,"minecraft:nether_brick_fence":1,"minecraft:potion":2,"minecraft:stone_brick_stairs":1,"minecraft:string":25,"undead_revamp2:clogggerribswithbun":7,"waystones:warp_plate":2,"minecraft:iron_leggings":2,"minecraft:armor_stand":4,"minecraft:experience_bottle":2,"minecraft:gold_nugget":332,"minecraft:smooth_stone":1,"minecraft:calcite":12,"dynamictrees:oak_seed":5,"minecraft:coal_block":4,"minecraft:furnace":1,"minecraft:iron_boots":4,"minecraft:golden_helmet":1,"minecraft:tipped_arrow":1,"minecraft:stick":51,"sophisticatedbackpacks:stack_upgrade_starter_tier":1,"minecraft:torch":2,"minecraft:spruce_stairs":2,"epicfight:skillbook":6,"minecraft:porkchop":2,"tombstone:grave_dust":23,"minecraft:diorite":1,"iceandfire:armor_silver_leggings":1,"minecraft:golden_chestplate":1,"minecraft:quartz_block":6,"minecraft:rotten_flesh":72,"epicfight:glove":2,"minecraft:white_terracotta":1,"supplementaries:ash":2,"minecraft:snowball":13,"minecraft:iron_bars":5,"undead_revamp2:arapholia":5,"minecraft:cobblestone":7,"minecraft:pink_petals":1,"iceandfire:armor_silver_chestplate":1,"minecraft:golden_leggings":1,"minecraft:smoker":1,"skilltree:gem":2,"minecraft:dirt":41,"minecraft:leather_boots":1,"minecraft:bone":78,"minecraft:bow":8,"minecraft:wheat_seeds":3,"minecraft:dark_oak_sign":1,"minecraft:rabbit":1,"minecraft:oak_planks":2,"minecraft:nether_brick_stairs":2,"minecraft:cyan_bed":15,"undead_revamp2:heavytooth":3,"minecraft:bundle":2,"minecraft:light_blue_terracotta":1,"iceandfire:dragonbone_sword_fire":2,"minecraft:granite":2,"minecraft:emerald":4,"minecraft:bread":21,"minecraft:chainmail_helmet":2,"alexsmobs:maggot":1,"minecraft:diamond_pickaxe":1,"minecraft:crafting_table":2,"iceandfire:witherbone":7,"minecraft:ladder":3,"minecraft:clay_ball":4,"minecraft:rabbit_stew":1,"dynamictrees:spruce_seed":2,"minecraft:brown_mushroom":1,"iceandfire:chain":1,"minecraft:wooden_sword":1,"iceandfire:ghost_ingot":2,"iceandfire:bestiary":1,"minecraft:beef":22,"minecraft:egg":1,"iceandfire:dragonbone":3,"sophisticatedbackpacks:backpack":1,"farmersdelight:dog_food":1,"minecraft:dark_oak_planks":7,"minecraft:arrow":66,"minecraft:diamond_chestplate":2,"minecraft:pumpkin_pie":6,"minecraft:diamond_boots":1,"minecraft:hay_block":25,"undead_revamp2:the_somnolenceextract":1,"minecraft:saddle":1,"minecraft:gold_ingot":8,"undead_revamp2:wincallerfan":1,"minecraft:mutton":3,"minecraft:air":0,"minecraft:glow_ink_sac":4,"minecraft:leather":2,"minecraft:red_mushroom":1,"minecraft:oak_log":45,"minecraft:chainmail_chestplate":3,"iceandfire:ectoplasm":2,"minecraft:golden_boots":2,"minecraft:yellow_bed":4,"minecraft:gunpowder":7,"minecraft:blue_bed":10,"tombstone:gift":1,"farmersdelight:cooking_pot":1,"iceandfire:armor_silver_metal_helmet":1,"minecraft:iron_ingot":117,"dynamictrees:birch_seed":4,"tombstone:bag_of_seeds":4,"minecraft:iron_sword":4,"minecraft:dark_oak_stairs":1,"sophisticatedbackpacks:diamond_backpack":1,"minecraft:book":3,"minecraft:emerald_block":1,"minecraft:sweet_berries":8,"minecraft:dripstone_block":1,"waystones:attuned_shard":4,"minecraft:spider_eye":1,"minecraft:leather_helmet":2,"undead_revamp2:rawbostrox":2,"minecraft:stone_axe":1,"minecraft:chainmail_leggings":1,"minecraft:iron_helmet":3,"dynamictrees:cherry_seed":4,"iceandfire:armor_silver_boots":1,"tombstone:magic_scroll":2,"minecraft:black_wool":2,"minecraft:coal":18,"minecraft:sunflower":3,"minecraft:ender_pearl":1},"minecraft:custom":{"minecraft:animals_bred":1,"minecraft:interact_with_crafting_table":17,"minecraft:open_barrel":45,"minecraft:eat_cake_slice":10,"minecraft:leave_game":7,"minecraft:time_since_death":3287,"minecraft:sprint_one_cm":1783056,"minecraft:drop":172,"minecraft:talked_to_villager":2,"minecraft:play_time":433208,"minecraft:deaths":50,"minecraft:jump":8014,"minecraft:walk_on_water_one_cm":100744,"minecraft:interact_with_furnace":8,"minecraft:sleep_in_bed":21,"minecraft:damage_dealt":35437,"minecraft:crouch_one_cm":39613,"tombstone:undead_killed":128,"minecraft:interact_with_smoker":5,"minecraft:inspect_dispenser":2,"minecraft:horse_one_cm":544388,"minecraft:mob_kills":180,"minecraft:damage_dealt_resisted":1599,"minecraft:climb_one_cm":26101,"minecraft:walk_one_cm":2770180,"minecraft:damage_dealt_absorbed":58,"minecraft:sneak_time":15120,"minecraft:walk_under_water_one_cm":72553,"minecraft:interact_with_blast_furnace":6,"minecraft:total_world_time":433208,"minecraft:interact_with_grindstone":1,"minecraft:time_since_rest":3003,"minecraft:damage_taken":20841,"minecraft:damage_absorbed":130,"minecraft:swim_one_cm":105297,"minecraft:fly_one_cm":1707054,"minecraft:open_chest":137,"minecraft:fall_one_cm":144449},"minecraft:mined":{"minecraft:dark_oak_planks":7,"minecraft:sculk_vein":59,"minecraft:red_nether_bricks":1,"minecraft:grass_block":9,"minecraft:coal_block":3,"minecraft:spawner":25,"minecraft:smooth_stone":1,"minecraft:fire":3,"minecraft:nether_brick_stairs":3,"minecraft:dark_oak_stairs":1,"iceandfire:gold_pile":33,"minecraft:iron_bars":4,"minecraft:quartz_block":5,"minecraft:smoker":1,"minecraft:powder_snow":3,"iceandfire:dragon_ice_spikes":1,"minecraft:calcite":14,"minecraft:cyan_bed":13,"minecraft:oak_planks":3,"minecraft:pink_petals":1,"minecraft:light_blue_terracotta":1,"sophisticatedbackpacks:diamond_backpack":2,"minecraft:grass":9,"minecraft:oak_log":3,"minecraft:dirt":3,"minecraft:emerald_block":1,"minecraft:red_carpet":1,"minecraft:nether_bricks":2,"minecraft:hay_block":24,"dynamictrees:oak_leaves":3,"minecraft:furnace":1,"dynamictrees:spruce_leaves":13,"minecraft:nether_brick_fence":1,"minecraft:bookshelf":1,"minecraft:vine":1,"minecraft:stone":1,"sophisticatedbackpacks:backpack":1,"waystones:warp_plate":1,"minecraft:crafting_table":1,"minecraft:emerald_ore":4,"minecraft:tall_grass":2,"minecraft:sculk":483,"minecraft:diorite":1,"minecraft:blue_bed":10,"minecraft:spruce_stairs":2,"minecraft:sweet_berry_bush":1,"minecraft:yellow_bed":4,"minecraft:sunflower":8,"minecraft:stone_bricks":2,"minecraft:mossy_stone_bricks":2,"minecraft:fern":1}},"DataVersion":3465}