{"stats":{"minecraft:used":{"undead_revamp2:clogggerribswithbun":4,"minecraft:armor_stand":2,"minecraft:iron_sword":338,"minecraft:iron_chestplate":1,"minecraft:torch":2,"minecraft:dirt":17,"minecraft:spruce_stairs":2,"minecraft:carrot":2,"iceandfire:armor_silver_metal_helmet":1,"minecraft:iron_hoe":542,"epicfight:glove":16,"minecraft:iron_helmet":2,"minecraft:iron_boots":2,"minecraft:rabbit_stew":1,"minecraft:bow":5,"minecraft:sweet_berries":6,"waystones:warp_plate":1,"tombstone:gift":2,"minecraft:cooked_beef":18,"minecraft:egg":1,"minecraft:iron_leggings":1,"minecraft:water_bucket":3,"epicfight:skillbook":4,"iceandfire:armor_silver_chestplate":1,"minecraft:baked_potato":4,"minecraft:oak_planks":23,"minecraft:dark_oak_sign":1,"iceandfire:armor_silver_leggings":1,"minecraft:blue_bed":6,"minecraft:leather_boots":2,"minecraft:crafting_table":1,"tombstone:bag_of_seeds":1,"minecraft:oak_log":3,"minecraft:apple":21,"minecraft:bread":67,"minecraft:cyan_bed":14,"minecraft:iron_pickaxe":28,"tombstone:magic_scroll":1,"tombstone:grave_key":6,"iceandfire:armor_silver_boots":2,"minecraft:stone_axe":44,"minecraft:wooden_sword":41,"minecraft:cobblestone":1,"minecraft:pumpkin_pie":6,"minecraft:bucket":4,"minecraft:yellow_bed":4,"minecraft:experience_bottle":2},"minecraft:broken":{"minecraft:wooden_sword":1,"minecraft:iron_hoe":1},"minecraft:killed":{"alexsmobs:raccoon":1,"minecraft:spider":7,"undead_revamp2:thesmoker":2,"undead_revamp2:bomber":1,"undead_revamp2:theswarmer":1,"minecraft:horse":1,"minecraft:skeleton":29,"alexsmobs:bison":1,"undead_revamp2:thehorrors":1,"undead_revamp2:sucker":7,"undead_revamp2:crackleball":2,"undead_revamp2:thespitter":2,"minecraft:husk":3,"minecraft:salmon":1,"iceandfire:troll":1,"undead_revamp2:the_moonflower":4,"undead_revamp2:theheavy":2,"undead_revamp2:thebeartamer":1,"minecraft:creeper":3,"undead_revamp2:thesomnolence":6,"minecraft:zombie":25,"iceandfire:ghost":1,"undead_revamp2:theskeeper":1,"iceandfire:ice_dragon":1,"alexsmobs:fly":1,"minecraft:cow":1},"minecraft:crafted":{"minecraft:wooden_sword":1,"minecraft:oak_planks":32,"minecraft:iron_hoe":2,"minecraft:wheat":144,"minecraft:cooked_beef":19,"minecraft:wooden_shovel":1,"minecraft:iron_sword":3,"minecraft:bread":47,"minecraft:air":0,"minecraft:stick":4,"minecraft:wooden_axe":1,"minecraft:shears":1},"minecraft:killed_by":{"minecraft:husk":10,"undead_revamp2:the_moonflower":3,"undead_revamp2:thehorrors":1,"undead_revamp2:thehunter":2,"iceandfire:ice_dragon":2,"minecraft:skeleton":12,"minecraft:zombie":8,"iceandfire:troll":2,"iceandfire:fire_dragon":6},"minecraft:dropped":{"minecraft:enchanted_book":1,"minecraft:golden_boots":1,"minecraft:iron_ingot":134,"minecraft:bread":36,"minecraft:iron_sword":3,"minecraft:wheat_seeds":2,"minecraft:golden_helmet":1,"dynamictrees:birch_seed":2,"minecraft:ender_pearl":1,"minecraft:diamond":22,"minecraft:dripstone_block":1,"minecraft:iron_helmet":1,"minecraft:cobblestone":3,"minecraft:leather":2,"minecraft:granite":2,"dynamictrees:spruce_seed":1,"minecraft:coal":2,"minecraft:leather_helmet":1,"minecraft:coal_block":1,"minecraft:dirt":22,"tombstone:bag_of_seeds":1,"farmersdelight:cooking_pot":1,"minecraft:wooden_axe":1,"minecraft:rabbit":1,"undead_revamp2:the_somnolenceextract":2,"minecraft:snowball":13,"tombstone:grave_dust":8,"minecraft:iron_leggings":1,"minecraft:chain":3,"minecraft:gold_nugget":272,"dynamictrees:cherry_seed":4,"iceandfire:armor_silver_metal_helmet":2,"minecraft:chainmail_leggings":1,"minecraft:string":2,"minecraft:bone":3,"waystones:attuned_shard":4,"iceandfire:dragonbone":3,"minecraft:furnace":1,"minecraft:stone_axe":1,"alexsmobs:maggot":1,"dynamictrees:oak_seed":5,"iceandfire:ghost_ingot":1,"alexsmobs:animal_dictionary":1,"minecraft:bowl":1,"minecraft:wheat":1,"undead_revamp2:arapholia":5,"tombstone:gift":1,"minecraft:rotten_flesh":9,"minecraft:clay_ball":4,"minecraft:iron_boots":3,"sophisticatedbackpacks:backpack":1,"waystones:warp_plate":1,"minecraft:shears":1,"minecraft:chainmail_chestplate":1,"iceandfire:chain":1,"supplementaries:rope_arrow":1,"minecraft:iron_chestplate":1,"minecraft:ladder":3,"minecraft:wooden_shovel":1,"minecraft:diamond_boots":1,"minecraft:arrow":4,"minecraft:bow":2,"undead_revamp2:rawbostrox":2,"minecraft:cyan_bed":1,"epicfight:skillbook":3},"minecraft:picked_up":{"minecraft:iron_chestplate":3,"minecraft:crafting_table":2,"minecraft:ladder":3,"minecraft:clay_ball":4,"minecraft:rabbit_stew":1,"minecraft:brown_mushroom":1,"dynamictrees:spruce_seed":2,"iceandfire:chain":1,"minecraft:potion":1,"minecraft:string":10,"undead_revamp2:clogggerribswithbun":7,"minecraft:wooden_sword":1,"waystones:warp_plate":2,"minecraft:iron_leggings":2,"minecraft:armor_stand":4,"minecraft:experience_bottle":2,"iceandfire:ghost_ingot":2,"iceandfire:bestiary":1,"minecraft:gold_nugget":332,"minecraft:smooth_stone":1,"minecraft:beef":22,"dynamictrees:oak_seed":5,"minecraft:coal_block":1,"minecraft:egg":1,"minecraft:iron_boots":4,"minecraft:furnace":1,"minecraft:golden_helmet":1,"minecraft:stick":51,"iceandfire:dragonbone":3,"sophisticatedbackpacks:stack_upgrade_starter_tier":1,"minecraft:torch":2,"minecraft:spruce_stairs":2,"sophisticatedbackpacks:backpack":1,"epicfight:skillbook":4,"farmersdelight:dog_food":1,"tombstone:grave_dust":8,"iceandfire:armor_silver_leggings":1,"minecraft:dark_oak_planks":7,"minecraft:quartz_block":2,"minecraft:arrow":45,"minecraft:rotten_flesh":65,"minecraft:diamond_chestplate":2,"minecraft:pumpkin_pie":6,"minecraft:white_terracotta":1,"minecraft:diamond_boots":1,"epicfight:glove":2,"minecraft:hay_block":16,"minecraft:gold_ingot":8,"minecraft:saddle":1,"undead_revamp2:the_somnolenceextract":1,"supplementaries:ash":1,"undead_revamp2:wincallerfan":1,"undead_revamp2:arapholia":5,"minecraft:iron_bars":3,"minecraft:snowball":13,"minecraft:cobblestone":7,"minecraft:pink_petals":1,"iceandfire:armor_silver_chestplate":1,"minecraft:leather":2,"minecraft:red_mushroom":1,"minecraft:smoker":1,"minecraft:oak_log":45,"minecraft:chainmail_chestplate":2,"iceandfire:ectoplasm":2,"minecraft:golden_boots":1,"minecraft:yellow_bed":4,"minecraft:gunpowder":3,"minecraft:dirt":41,"minecraft:blue_bed":6,"minecraft:leather_boots":1,"minecraft:bone":38,"farmersdelight:cooking_pot":1,"minecraft:bow":5,"minecraft:wheat_seeds":3,"iceandfire:armor_silver_metal_helmet":1,"minecraft:iron_ingot":117,"dynamictrees:birch_seed":4,"minecraft:dark_oak_sign":1,"tombstone:bag_of_seeds":3,"minecraft:rabbit":1,"minecraft:oak_planks":1,"minecraft:iron_sword":4,"sophisticatedbackpacks:diamond_backpack":1,"minecraft:sweet_berries":8,"minecraft:dripstone_block":1,"waystones:attuned_shard":4,"minecraft:cyan_bed":15,"minecraft:spider_eye":1,"minecraft:leather_helmet":2,"undead_revamp2:heavytooth":3,"undead_revamp2:rawbostrox":2,"minecraft:bundle":2,"minecraft:stone_axe":1,"minecraft:chainmail_leggings":1,"minecraft:iron_helmet":3,"minecraft:granite":2,"dynamictrees:cherry_seed":4,"iceandfire:armor_silver_boots":1,"minecraft:chainmail_helmet":1,"minecraft:bread":21,"alexsmobs:maggot":1,"minecraft:coal":8,"minecraft:diamond_pickaxe":1,"minecraft:ender_pearl":1},"minecraft:custom":{"minecraft:mob_kills":110,"minecraft:animals_bred":1,"minecraft:interact_with_crafting_table":17,"minecraft:open_barrel":22,"minecraft:damage_dealt_resisted":1599,"minecraft:eat_cake_slice":7,"minecraft:leave_game":7,"minecraft:time_since_death":35139,"minecraft:climb_one_cm":20711,"minecraft:sprint_one_cm":1466314,"minecraft:walk_one_cm":2278684,"minecraft:drop":136,"minecraft:damage_dealt_absorbed":58,"minecraft:talked_to_villager":2,"minecraft:play_time":379208,"minecraft:sneak_time":14727,"minecraft:deaths":49,"minecraft:walk_under_water_one_cm":72443,"minecraft:jump":7629,"minecraft:interact_with_blast_furnace":5,"minecraft:walk_on_water_one_cm":90183,"minecraft:total_world_time":379208,"minecraft:interact_with_furnace":8,"minecraft:interact_with_grindstone":1,"minecraft:sleep_in_bed":20,"minecraft:time_since_rest":13393,"minecraft:damage_taken":18991,"minecraft:damage_dealt":23149,"minecraft:swim_one_cm":102075,"minecraft:fly_one_cm":1632038,"minecraft:open_chest":86,"minecraft:crouch_one_cm":36868,"tombstone:undead_killed":80,"minecraft:interact_with_smoker":2,"minecraft:inspect_dispenser":2,"minecraft:fall_one_cm":140279,"minecraft:horse_one_cm":544388},"minecraft:mined":{"minecraft:dark_oak_planks":7,"minecraft:red_carpet":1,"minecraft:sculk_vein":59,"minecraft:grass_block":9,"minecraft:spawner":12,"dynamictrees:oak_leaves":3,"minecraft:smooth_stone":1,"minecraft:hay_block":15,"minecraft:furnace":1,"minecraft:fire":3,"dynamictrees:spruce_leaves":13,"iceandfire:gold_pile":33,"minecraft:iron_bars":2,"minecraft:stone":1,"sophisticatedbackpacks:backpack":1,"waystones:warp_plate":1,"minecraft:quartz_block":3,"minecraft:smoker":1,"minecraft:powder_snow":3,"iceandfire:dragon_ice_spikes":1,"minecraft:crafting_table":1,"minecraft:tall_grass":2,"minecraft:cyan_bed":13,"minecraft:oak_planks":2,"minecraft:sculk":483,"minecraft:blue_bed":6,"minecraft:pink_petals":1,"minecraft:spruce_stairs":2,"sophisticatedbackpacks:diamond_backpack":2,"minecraft:sweet_berry_bush":1,"minecraft:yellow_bed":4,"minecraft:grass":5,"minecraft:oak_log":3,"minecraft:dirt":3,"minecraft:stone_bricks":1,"minecraft:mossy_stone_bricks":2,"minecraft:fern":1}},"DataVersion":3465}