{"stats":{"minecraft:killed":{"minecraft:husk":3,"alexsmobs:raccoon":1,"undead_revamp2:the_moonflower":1,"minecraft:spider":1,"undead_revamp2:thebeartamer":1,"minecraft:skeleton":3,"minecraft:zombie":4,"iceandfire:ghost":1,"alexsmobs:bison":1,"undead_revamp2:thespitter":1,"minecraft:cow":1},"minecraft:crafted":{"minecraft:wooden_sword":1,"minecraft:oak_planks":32,"minecraft:bread":47,"minecraft:stick":4,"minecraft:wooden_axe":1,"minecraft:shears":1,"minecraft:wheat":144},"minecraft:used":{"epicfight:skillbook":1,"minecraft:dark_oak_sign":1,"minecraft:oak_planks":13,"minecraft:iron_sword":39,"minecraft:leather_boots":1,"minecraft:spruce_stairs":2,"minecraft:carrot":2,"tombstone:bag_of_seeds":1,"minecraft:oak_log":3,"minecraft:apple":4,"minecraft:bread":26,"minecraft:cyan_bed":5,"epicfight:glove":2,"minecraft:iron_boots":1,"minecraft:stone_axe":19,"minecraft:wooden_sword":41,"tombstone:gift":2,"minecraft:iron_leggings":1,"minecraft:experience_bottle":1},"minecraft:dropped":{"dynamictrees:oak_seed":3,"iceandfire:ghost_ingot":1,"alexsmobs:animal_dictionary":1,"minecraft:wheat":1,"tombstone:gift":1,"minecraft:iron_helmet":1,"minecraft:rotten_flesh":2,"minecraft:leather":2,"minecraft:shears":1,"minecraft:coal_block":1,"minecraft:dirt":15,"tombstone:bag_of_seeds":1,"minecraft:wooden_axe":1,"dynamictrees:cherry_seed":4,"minecraft:string":2,"minecraft:cyan_bed":1,"epicfight:skillbook":1},"minecraft:killed_by":{"undead_revamp2:thehunter":2,"minecraft:husk":10,"undead_revamp2:the_moonflower":3,"minecraft:skeleton":9,"minecraft:zombie":1},"minecraft:broken":{"minecraft:wooden_sword":1},"minecraft:custom":{"minecraft:interact_with_furnace":2,"minecraft:mob_kills":19,"minecraft:animals_bred":1,"minecraft:interact_with_crafting_table":6,"minecraft:open_barrel":10,"minecraft:eat_cake_slice":7,"minecraft:interact_with_grindstone":1,"minecraft:leave_game":3,"minecraft:time_since_death":48658,"minecraft:sleep_in_bed":5,"minecraft:climb_one_cm":4681,"minecraft:time_since_rest":6519,"minecraft:sprint_one_cm":290307,"minecraft:damage_taken":8167,"minecraft:walk_one_cm":761057,"minecraft:drop":17,"minecraft:damage_dealt":4033,"minecraft:swim_one_cm":36976,"minecraft:talked_to_villager":1,"minecraft:fly_one_cm":402710,"minecraft:open_chest":19,"minecraft:crouch_one_cm":2364,"minecraft:play_time":114960,"tombstone:undead_killed":14,"minecraft:deaths":25,"minecraft:sneak_time":748,"minecraft:walk_under_water_one_cm":4281,"minecraft:jump":1936,"minecraft:interact_with_blast_furnace":4,"minecraft:total_world_time":114960,"minecraft:walk_on_water_one_cm":5321,"minecraft:fall_one_cm":32999},"minecraft:picked_up":{"minecraft:pink_petals":1,"minecraft:iron_chestplate":2,"minecraft:rabbit_stew":1,"minecraft:leather":2,"minecraft:potion":1,"minecraft:oak_log":45,"iceandfire:ectoplasm":2,"minecraft:dirt":17,"minecraft:string":2,"minecraft:wooden_sword":1,"minecraft:leather_boots":1,"minecraft:iron_leggings":2,"minecraft:armor_stand":2,"minecraft:experience_bottle":2,"minecraft:bone":6,"iceandfire:ghost_ingot":2,"iceandfire:bestiary":1,"minecraft:bow":2,"minecraft:wheat_seeds":1,"dynamictrees:birch_seed":2,"minecraft:iron_ingot":2,"minecraft:beef":3,"minecraft:dark_oak_sign":1,"dynamictrees:oak_seed":3,"tombstone:bag_of_seeds":3,"minecraft:coal_block":1,"minecraft:iron_boots":2,"minecraft:stick":41,"minecraft:spruce_stairs":2,"sophisticatedbackpacks:backpack":1,"epicfight:skillbook":2,"minecraft:cyan_bed":7,"minecraft:dark_oak_planks":7,"minecraft:arrow":8,"minecraft:rotten_flesh":14,"minecraft:stone_axe":1,"minecraft:hay_block":16,"minecraft:iron_helmet":2,"epicfight:glove":2,"dynamictrees:cherry_seed":4,"minecraft:gold_ingot":2,"minecraft:bread":3,"minecraft:coal":2},"minecraft:mined":{"minecraft:dark_oak_planks":7,"minecraft:red_carpet":1,"minecraft:powder_snow":3,"minecraft:grass_block":3,"minecraft:cyan_bed":6,"minecraft:pink_petals":1,"minecraft:spruce_stairs":2,"minecraft:hay_block":15,"dynamictrees:oak_leaves":1,"minecraft:grass":2,"minecraft:oak_log":3,"sophisticatedbackpacks:backpack":1}},"DataVersion":3465}