{"stats":{"minecraft:mined":{"minecraft:red_nether_bricks":2,"minecraft:nether_bricks":25,"born_in_chaos_v1:dark_metal_deposit":1,"minecraft:grass_block":3,"minecraft:redstone_wire":1,"minecraft:polished_diorite":2,"minecraft:sandstone":3,"minecraft:cracked_nether_bricks":1,"minecraft:spawner":3,"minecraft:hay_block":34,"minecraft:magma_block":2,"dynamictrees:oak_undergrowth_leaves":3,"minecraft:fire":4,"minecraft:nether_brick_stairs":1,"minecraft:brown_bed":4,"minecraft:vine":1,"minecraft:iron_bars":5,"minecraft:stone":54,"minecraft:orange_bed":5,"minecraft:crafting_table":3,"minecraft:dead_bush":2,"minecraft:nether_brick_slab":1,"minecraft:tall_grass":2,"minecraft:cobblestone":17,"minecraft:oak_planks":1,"minecraft:blue_bed":1,"minecraft:jungle_wood":4,"minecraft:wheat":3,"minecraft:stone_brick_stairs":1,"minecraft:grass":7,"minecraft:coal_ore":25,"minecraft:sand":53,"minecraft:dirt":4,"minecraft:cracked_stone_bricks":1,"minecraft:netherrack":19,"minecraft:oak_leaves":3},"minecraft:used":{"minecraft:stone_sword":31,"minecraft:iron_bars":3,"minecraft:iron_shovel":56,"minecraft:redstone":1,"minecraft:shield":33,"minecraft:iron_sword":215,"minecraft:iron_chestplate":2,"minecraft:orange_bed":4,"minecraft:nether_bricks":27,"minecraft:nether_brick_stairs":1,"minecraft:obsidian":10,"minecraft:wooden_axe":2,"minecraft:iron_helmet":1,"minecraft:golden_sword":6,"tombstone:gift":3,"minecraft:potato":2,"minecraft:brown_bed":4,"epicfight:skillbook":1,"minecraft:red_nether_bricks":2,"minecraft:oak_planks":2,"minecraft:sandstone":1,"minecraft:blue_bed":3,"minecraft:sand":15,"minecraft:crafting_table":5,"minecraft:crossbow":13,"minecraft:diamond_pickaxe":6,"iceandfire:dragonbone_sword":2,"minecraft:chiseled_sandstone":1,"minecraft:bread":94,"minecraft:iron_pickaxe":160,"minecraft:cracked_nether_bricks":1,"minecraft:stone_axe":3,"minecraft:wooden_sword":3,"minecraft:cobblestone":42,"minecraft:potion":1,"minecraft:andesite":1},"minecraft:dropped":{"minecraft:nether_brick_stairs":2,"sophisticatedbackpacks:iron_backpack":1,"minecraft:iron_ingot":62,"minecraft:bread":1,"minecraft:wheat_seeds":7,"alexsmobs:kangaroo_meat":1,"minecraft:sandstone_stairs":1,"minecraft:sandstone_slab":1,"minecraft:apple":1,"minecraft:jungle_planks":6,"born_in_chaos_v1:black_argillite_brick_slab":2,"minecraft:copper_ingot":2,"farmersdelight:rice":12,"sophisticatedbackpacks:gold_backpack":1,"born_in_chaos_v1:monster_flesh":1,"minecraft:dirt":1,"tombstone:bag_of_seeds":1,"born_in_chaos_v1:monster_skin":2,"iceandfire:myrmex_desert_chitin":1,"skilltree:gem":4,"tombstone:grave_dust":8,"minecraft:sand":10,"iceandfire:ash":5,"minecraft:iron_pickaxe":1,"minecraft:dark_oak_planks":28,"minecraft:bucket":1,"minecraft:blue_bed":1,"minecraft:chiseled_sandstone":10,"minecraft:bone":3,"minecraft:gravel":1,"minecraft:polished_diorite":7,"minecraft:stone_sword":1,"alexsmobs:tarantula_hawk_wing_fragment":1,"minecraft:wheat":11,"iceandfire:witherbone":1,"minecraft:rotten_flesh":14,"minecraft:oak_planks":3,"minecraft:stripped_oak_log":1,"sophisticatedbackpacks:backpack":1,"minecraft:nether_bricks":4,"minecraft:oak_button":2,"born_in_chaos_v1:chipped_black_argillite_brick":1,"minecraft:jungle_log":8,"minecraft:golden_leggings":1,"minecraft:ladder":1,"minecraft:leather_leggings":1,"minecraft:brown_bed":1,"tombstone:essence_of_undeath":2,"minecraft:sandstone":14,"minecraft:beef":3,"tombstone:tablet_of_cupidity":1},"minecraft:broken":{"minecraft:iron_boots":1,"minecraft:iron_chestplate":1,"minecraft:iron_leggings":1,"minecraft:shield":1,"minecraft:diamond_pickaxe":1,"minecraft:iron_helmet":1},"minecraft:killed":{"undead_revamp2:theimmortal":1,"born_in_chaos_v1:maggot":1,"minecraft:skeleton":2,"undead_revamp2:sucker":1,"iceandfire:myrmex_worker":2,"minecraft:magma_cube":1,"minecraft:husk":1,"iceandfire:cyclops":1,"born_in_chaos_v1:dread_hound_not_despawn":1,"born_in_chaos_v1:decrepit_skeleton":1,"minecraft:pillager":2,"minecraft:zombie":3,"born_in_chaos_v1:corpse_fly":1,"minecraft:stray":1,"born_in_chaos_v1:door_knight":1,"minecraft:wither_skeleton":3},"minecraft:custom":{"minecraft:mob_kills":23,"minecraft:interact_with_crafting_table":13,"minecraft:open_barrel":8,"minecraft:damage_dealt_resisted":184,"minecraft:leave_game":1,"minecraft:time_since_death":22430,"minecraft:climb_one_cm":17896,"minecraft:damage_resisted":51,"minecraft:sprint_one_cm":1405223,"minecraft:walk_one_cm":1371119,"minecraft:damage_blocked_by_shield":2140,"minecraft:drop":92,"minecraft:talked_to_villager":4,"minecraft:play_time":231555,"minecraft:sneak_time":2173,"minecraft:deaths":41,"minecraft:walk_under_water_one_cm":49304,"minecraft:interact_with_brewingstand":2,"minecraft:jump":6892,"minecraft:walk_on_water_one_cm":46969,"minecraft:total_world_time":231555,"tombstone:raider_killed":2,"minecraft:sleep_in_bed":8,"minecraft:time_since_rest":9089,"minecraft:damage_taken":15889,"minecraft:damage_absorbed":360,"tombstone:sneak_grave":10,"minecraft:damage_dealt":7239,"minecraft:swim_one_cm":42062,"minecraft:fly_one_cm":2485661,"minecraft:player_kills":2,"minecraft:open_chest":162,"minecraft:crouch_one_cm":10352,"tombstone:undead_killed":14,"minecraft:interact_with_smoker":2,"minecraft:fall_one_cm":115814,"minecraft:horse_one_cm":398},"minecraft:crafted":{"minecraft:wooden_sword":1,"minecraft:oak_planks":4,"minecraft:dark_oak_planks":28,"minecraft:wheat":189,"minecraft:crafting_table":3,"minecraft:stone_axe":1,"minecraft:bread":64,"minecraft:jungle_planks":32,"minecraft:stick":8,"minecraft:wooden_axe":1,"minecraft:stone_sword":2},"minecraft:killed_by":{"undead_revamp2:sucker":1,"minecraft:player":6,"iceandfire:deathworm":2,"minecraft:wither_skeleton":2,"iceandfire:cyclops":2,"minecraft:stray":1,"minecraft:creeper":1,"born_in_chaos_v1:skeleton_thrasher":1,"born_in_chaos_v1:zombie_lumberjack":1,"undead_revamp2:clogger":1,"undead_revamp2:thehunter":1,"minecraft:skeleton":2,"minecraft:blaze":2,"minecraft:zombie":1,"iceandfire:fire_dragon":17},"minecraft:picked_up":{"sophisticatedbackpacks:gold_backpack":2,"minecraft:crafting_table":3,"minecraft:iron_chestplate":1,"minecraft:wheat":14,"minecraft:sandstone_slab":1,"born_in_chaos_v1:river_mint":1,"iceandfire:witherbone":1,"minecraft:ladder":1,"minecraft:flower_pot":1,"minecraft:brown_mushroom":1,"minecraft:brown_bed":6,"minecraft:string":2,"undead_revamp2:clogggerribswithbun":4,"minecraft:iron_axe":1,"minecraft:red_nether_bricks":2,"minecraft:iron_shovel":1,"minecraft:bucket":1,"minecraft:beef":3,"minecraft:iron_pickaxe":3,"minecraft:stick":28,"minecraft:sandstone":16,"minecraft:copper_ingot":2,"minecraft:torch":1,"sophisticatedbackpacks:backpack":1,"epicfight:skillbook":1,"farmersdelight:tomato_seeds":1,"tombstone:grave_dust":6,"born_in_chaos_v1:pieceofdarkmetal":2,"minecraft:carrot":1,"minecraft:redstone":1,"minecraft:orange_bed":5,"minecraft:arrow":11,"minecraft:cactus":5,"minecraft:rotten_flesh":23,"minecraft:nether_bricks":31,"minecraft:hay_block":34,"minecraft:sandstone_stairs":1,"iceandfire:myrmex_desert_chitin":1,"tombstone:essence_of_undeath":2,"minecraft:iron_bars":5,"alexsmobs:kangaroo_meat":1,"minecraft:cobblestone":70,"minecraft:stripped_oak_log":2,"born_in_chaos_v1:corpse_maggot":1,"minecraft:air":0,"farmersdelight:rice":6,"born_in_chaos_v1:monster_flesh":1,"minecraft:andesite":1,"minecraft:jungle_log":31,"minecraft:jungle_wood":5,"minecraft:potato":25,"skilltree:gem":4,"minecraft:dirt":7,"minecraft:blue_bed":4,"born_in_chaos_v1:monster_skin":2,"minecraft:bone":9,"minecraft:wheat_seeds":12,"minecraft:iron_ingot":27,"born_in_chaos_v1:chipped_black_argillite_brick":1,"tombstone:bag_of_seeds":1,"minecraft:glass_bottle":1,"minecraft:iron_sword":2,"minecraft:oak_planks":1,"iceandfire:dragonbone_sword":1,"iceandfire:ash":7,"minecraft:cracked_nether_bricks":1,"minecraft:dandelion":1,"minecraft:gravel":1,"minecraft:sand":30,"minecraft:jungle_planks":3,"sophisticatedbackpacks:iron_backpack":1,"minecraft:nether_brick_stairs":3,"minecraft:nether_brick_slab":1,"minecraft:chiseled_sandstone":6,"minecraft:bundle":1,"minecraft:slime_ball":4,"born_in_chaos_v1:black_argillite_brick_slab":2,"minecraft:polished_diorite":7,"dynamictrees:jungle_seed":6,"minecraft:iron_helmet":2,"alexsmobs:tarantula_hawk_wing_fragment":1,"minecraft:bread":51,"minecraft:emerald":1,"minecraft:oak_button":2,"minecraft:coal":27,"minecraft:diamond_pickaxe":1}},"DataVersion":3465}