{"stats":{"minecraft:killed_by":{"undead_revamp2:sucker":2,"undead_revamp2:the_moonflower":4,"minecraft:creeper":1,"iceandfire:ice_dragon":6,"minecraft:zombie":10,"iceandfire:fire_dragon":7,"minecraft:husk":13,"minecraft:spider":1,"undead_revamp2:thesomnolence":1,"alexsmobs:bison":1,"undead_revamp2:thehorrors":2,"undead_revamp2:thehunter":1,"minecraft:skeleton":13,"iceandfire:troll":2,"undead_revamp2:thebeartamer":1},"minecraft:killed":{"minecraft:spider":12,"undead_revamp2:clogger":1,"undead_revamp2:theswarmer":2,"minecraft:skeleton":71,"undead_revamp2:deadclogger":1,"minecraft:bee":3,"undead_revamp2:therod":2,"undead_revamp2:thepregnant":3,"undead_revamp2:thespitter":4,"minecraft:pig":8,"minecraft:zombie_villager":1,"minecraft:iron_golem":2,"minecraft:creeper":14,"undead_revamp2:thebidyupside":8,"minecraft:pillager":5,"minecraft:zombie":71,"alexsmobs:terrapin":1,"undead_revamp2:theskeeper":3,"minecraft:cow":28,"undead_revamp2:thehunter":2,"alexsmobs:raccoon":1,"undead_revamp2:bomber":3,"minecraft:horse":4,"iceandfire:fire_dragon":1,"undead_revamp2:thebidy":5,"undead_revamp2:sucker":2,"minecraft:husk":12,"iceandfire:troll":1,"undead_revamp2:the_moonflower":11,"undead_revamp2:thesomnolence":20,"iceandfire:ghost":1,"iceandfire:ice_dragon":2,"minecraft:villager":12,"minecraft:enderman":4},"minecraft:crafted":{"minecraft:brick":24,"minecraft:oak_planks":120,"iceandfire:armor_silver_boots":3,"minecraft:stone":8,"waystones:warp_plate":1,"minecraft:glass":64,"iceandfire:armor_gray_helmet":1,"minecraft:chest":2,"minecraft:copper_block":16,"minecraft:bricks":5,"minecraft:stone_bricks":8,"minecraft:smoker":3,"farmersdelight:stove":1,"minecraft:glass_bottle":60,"supplementaries:rope_arrow":29,"sophisticatedbackpacks:backpack":2,"iceandfire:armor_silver_leggings":2,"minecraft:crafting_table":7,"minecraft:spruce_planks":4,"farmersdelight:iron_knife":1,"minecraft:baked_potato":38,"minecraft:copper_ingot":182,"undead_revamp2:clogggerribswithbun":37,"minecraft:campfire":1,"sophisticatedbackpacks:upgrade_base":2,"farmersdelight:beef_patty":30,"farmersdelight:cutting_board":1,"sophisticatedbackpacks:diamond_backpack":2,"minecraft:stick":12,"minecraft:iron_pickaxe":1,"minecraft:gold_ingot":108,"farmersdelight:stuffed_potato":38,"farmersdelight:milk_bottle":36,"minecraft:wooden_sword":1,"minecraft:coal":90,"minecraft:leather_boots":2,"minecraft:iron_nugget":4,"iceandfire:armor_blue_chestplate":1,"minecraft:furnace":5,"sophisticatedbackpacks:stack_upgrade_starter_tier":2,"minecraft:bone_meal":9,"epicfight:glove":2,"iceandfire:armor_silver_chestplate":1,"minecraft:iron_axe":1,"minecraft:iron_hoe":4,"farmersdelight:dog_food":2,"minecraft:wheat":324,"sophisticatedbackpacks:iron_backpack":2,"iceandfire:chain":2,"minecraft:cooked_beef":18,"minecraft:iron_sword":5,"minecraft:bowl":20,"farmersdelight:cooking_pot":1,"epicfight:iron_dagger":1,"sophisticatedbackpacks:gold_backpack":2,"minecraft:mangrove_planks":4,"minecraft:bucket":1,"minecraft:stone_axe":2,"minecraft:bread":108,"minecraft:air":0,"minecraft:iron_shovel":1,"waystones:warp_dust":4,"minecraft:torch":80,"iceandfire:armor_silver_helmet":1},"minecraft:dropped":{"minecraft:iron_sword":4,"iceandfire:ectoplasm":1,"alexsmobs:bison_fur":2,"minecraft:leather_helmet":2,"minecraft:red_mushroom":1,"minecraft:emerald":1,"minecraft:dirt":1,"tombstone:bag_of_seeds":1,"undead_revamp2:the_somnolenceextract":1,"minecraft:snowball":16,"minecraft:wooden_sword":1,"minecraft:pumpkin_pie":6,"minecraft:iron_pickaxe":1,"iceandfire:armor_silver_metal_helmet":1,"minecraft:stone_axe":2,"dynamictrees:oak_seed":27,"minecraft:cobbled_deepslate":2,"alexsmobs:animal_dictionary":2,"tombstone:gift":2,"undead_revamp2:arapholia":1,"minecraft:rotten_flesh":9,"minecraft:poppy":2,"supplementaries:ash":2,"iceandfire:chain":1,"minecraft:charcoal":2,"iceandfire:armor_silver_boots":1,"minecraft:leather_boots":2,"epicfight:glove":2,"iceandfire:bestiary":1,"minecraft:leather_leggings":1,"minecraft:beef":19,"minecraft:bread":19,"minecraft:enchanted_book":1,"minecraft:iron_ingot":330,"iceandfire:armor_silver_leggings":1,"minecraft:wheat_seeds":4,"dynamictrees:birch_seed":1,"minecraft:iron_helmet":1,"minecraft:granite":1,"minecraft:copper_ingot":4,"epicfight:iron_dagger":1,"minecraft:stick":1,"minecraft:diorite":15,"minecraft:rabbit":1,"skilltree:gem":6,"iceandfire:armor_silver_chestplate":1,"tombstone:grave_dust":14,"minecraft:potion":2,"minecraft:iron_leggings":1,"dynamictrees:cherry_seed":3,"iceandfire:dragon_skull_fire":1,"iceandfire:ghost_ingot":1,"farmersdelight:dog_food":1,"minecraft:iron_boots":2,"minecraft:smoker":2,"iceandfire:dragon_skull_ice":2,"undead_revamp2:heavytooth":2,"minecraft:diamond_chestplate":2,"minecraft:peony":2,"minecraft:bundle":1,"minecraft:iron_chestplate":1,"minecraft:diamond_boots":3,"undead_revamp2:clogggerribswithbun":7,"minecraft:bow":5,"minecraft:cyan_bed":1,"epicfight:skillbook":4},"minecraft:picked_up":{"minecraft:iron_chestplate":2,"iceandfire:troll_weapon_hammer":1,"minecraft:potion":3,"minecraft:enchanted_book":1,"minecraft:amethyst_block":4,"farmersdelight:cutting_board":8,"minecraft:string":28,"minecraft:raw_copper":182,"waystones:warp_plate":1,"minecraft:iron_leggings":2,"minecraft:armor_stand":6,"minecraft:experience_bottle":3,"minecraft:gold_nugget":678,"minecraft:cobbled_deepslate":12,"minecraft:spruce_planks":6,"minecraft:wooden_shovel":1,"dynamictrees:oak_seed":29,"minecraft:iron_pickaxe":1,"alexsmobs:raccoon_tail":1,"minecraft:coal_block":10,"minecraft:furnace":9,"minecraft:iron_boots":4,"minecraft:stick":127,"minecraft:torch":4,"epicfight:skillbook":8,"minecraft:porkchop":15,"tombstone:grave_dust":12,"minecraft:diorite":23,"undead_revamp2:cloogerribs":37,"minecraft:rotten_flesh":164,"iceandfire:fire_dragon_heart":1,"supplementaries:ash":2,"minecraft:snowball":43,"minecraft:cobblestone":144,"minecraft:leather_chestplate":4,"minecraft:cooked_beef":1,"minecraft:smoker":6,"alexsmobs:bison_fur":2,"minecraft:flint":2,"skilltree:gem":8,"minecraft:dirt":43,"minecraft:lantern":3,"minecraft:leather_boots":5,"minecraft:bone":91,"minecraft:bow":6,"minecraft:wheat_seeds":5,"minecraft:raw_gold":2,"minecraft:dark_oak_sign":3,"minecraft:rabbit":5,"minecraft:oak_planks":8,"iceandfire:podium_spruce":1,"iceandfire:dragon_skull_fire":1,"minecraft:sand":65,"sophisticatedbackpacks:iron_backpack":1,"minecraft:cyan_bed":12,"alexsmobs:animal_dictionary":2,"minecraft:mossy_cobblestone":1,"undead_revamp2:heavytooth":2,"minecraft:bundle":2,"minecraft:diamond":27,"minecraft:granite":1,"minecraft:emerald":1,"iceandfire:silver_nugget":32,"minecraft:charcoal":2,"minecraft:coarse_dirt":7,"minecraft:crafting_table":31,"minecraft:ladder":2,"minecraft:clay_ball":24,"minecraft:leather_leggings":5,"dynamictrees:spruce_seed":1,"iceandfire:chain":1,"minecraft:cooked_rabbit":1,"minecraft:gold_block":3,"iceandfire:frozen_cobblestone":10,"minecraft:chain":1,"iceandfire:frozen_stone":5,"minecraft:item_frame":1,"minecraft:cyan_carpet":2,"iceandfire:ghost_ingot":2,"iceandfire:bestiary":1,"minecraft:beef":59,"minecraft:poppy":3,"supplementaries:rope":11,"iceandfire:ice_dragon_heart":3,"minecraft:egg":1,"iceandfire:dragonbone":61,"minecraft:stripped_mangrove_wood":1,"iceandfire:dragonscales_gray":5,"iceandfire:troll_tusk":2,"minecraft:copper_ingot":4,"farmersdelight:minced_beef":30,"sophisticatedbackpacks:backpack":2,"minecraft:purple_terracotta":1,"minecraft:dark_oak_planks":2,"iceandfire:dragon_skull_ice":5,"minecraft:arrow":67,"minecraft:diamond_chestplate":3,"minecraft:peony":4,"iceandfire:dragonscales_silver":39,"minecraft:shears":1,"minecraft:diamond_boots":4,"minecraft:hay_block":38,"tombstone:essence_of_undeath":1,"undead_revamp2:the_somnolenceextract":3,"minecraft:mutton":2,"minecraft:white_wool":1,"minecraft:leather":107,"iceandfire:troll_leather_mountain":6,"minecraft:red_mushroom":1,"supplementaries:rope_arrow":1,"minecraft:oak_log":76,"iceandfire:ectoplasm":1,"minecraft:yellow_bed":16,"minecraft:gunpowder":5,"iceandfire:dragonscales_blue":11,"farmersdelight:cooking_pot":1,"iceandfire:pixie_jar_empty":1,"iceandfire:armor_silver_metal_helmet":1,"minecraft:iron_ingot":357,"dynamictrees:birch_seed":1,"tombstone:bag_of_seeds":1,"minecraft:glass_bottle":1,"minecraft:iron_sword":3,"sophisticatedbackpacks:diamond_backpack":1,"minecraft:book":3,"minecraft:pumpkin":1,"iceandfire:ash":1,"minecraft:gravel":22,"minecraft:amethyst_shard":36,"minecraft:blast_furnace":5,"minecraft:spruce_log":3,"minecraft:spider_eye":4,"minecraft:leather_helmet":5,"minecraft:slime_ball":31,"minecraft:iron_helmet":2,"dynamictrees:cherry_seed":4,"iceandfire:ice_dragon_flesh":12,"tombstone:magic_scroll":4,"farmersdelight:stove":1,"minecraft:coal":80,"minecraft:ender_pearl":1},"minecraft:used":{"minecraft:peony":2,"undead_revamp2:clogggerribswithbun":20,"minecraft:iron_shovel":39,"iceandfire:dragon_skull_ice":2,"minecraft:ladder":2,"farmersdelight:stove":1,"minecraft:iron_sword":872,"minecraft:iron_chestplate":1,"iceandfire:frozen_stone":1,"minecraft:honey_bottle":4,"sophisticatedbackpacks:diamond_backpack":2,"minecraft:lantern":3,"epicfight:iron_dagger":16,"minecraft:iron_helmet":9,"minecraft:item_frame":1,"farmersdelight:cutting_board":7,"minecraft:bow":15,"minecraft:furnace":9,"minecraft:egg":1,"iceandfire:troll_weapon_hammer":1,"dynamictrees:spruce_seed":1,"epicfight:skillbook":7,"minecraft:oak_planks":41,"minecraft:mangrove_planks":1,"minecraft:dark_oak_sign":3,"iceandfire:podium_spruce":1,"minecraft:sand":1,"minecraft:blast_furnace":3,"minecraft:purple_terracotta":1,"sophisticatedbackpacks:backpack":2,"minecraft:bread":114,"minecraft:cyan_bed":11,"minecraft:cyan_carpet":2,"tombstone:grave_key":11,"iceandfire:ice_dragon_flesh":1,"minecraft:gravel":22,"minecraft:wooden_sword":16,"minecraft:cooked_rabbit":1,"minecraft:coarse_dirt":7,"minecraft:cobweb":6,"minecraft:experience_bottle":3,"minecraft:armor_stand":6,"dynamictrees:oak_seed":2,"minecraft:torch":99,"minecraft:dirt":8,"minecraft:iron_hoe":1017,"minecraft:iron_axe":28,"minecraft:iron_boots":2,"waystones:warp_plate":1,"farmersdelight:cooking_pot":1,"tombstone:gift":4,"minecraft:cooked_beef":1,"farmersdelight:iron_knife":9,"minecraft:water_bucket":51,"minecraft:glass_bottle":2,"minecraft:baked_potato":15,"minecraft:leather_boots":4,"minecraft:mossy_cobblestone":1,"minecraft:crafting_table":37,"minecraft:spruce_log":2,"minecraft:cake":2,"minecraft:smoker":5,"dynamictrees:cherry_seed":1,"farmersdelight:stuffed_potato":3,"minecraft:iron_pickaxe":304,"tombstone:magic_scroll":3,"minecraft:leather_helmet":8,"iceandfire:armor_silver_boots":1,"supplementaries:rope":1,"minecraft:stone_axe":68,"minecraft:cobblestone":18,"minecraft:potion":2,"minecraft:bucket":53,"minecraft:yellow_bed":15,"alexsmobs:animal_dictionary":3},"minecraft:custom":{"minecraft:interact_with_crafting_table":115,"minecraft:open_barrel":40,"minecraft:eat_cake_slice":9,"minecraft:leave_game":7,"minecraft:time_since_death":14550,"minecraft:sprint_one_cm":1549751,"minecraft:drop":126,"minecraft:talked_to_villager":3,"minecraft:play_time":422764,"minecraft:deaths":65,"minecraft:jump":7028,"minecraft:walk_on_water_one_cm":112708,"minecraft:interact_with_furnace":51,"minecraft:sleep_in_bed":17,"tombstone:sneak_grave":1,"minecraft:damage_dealt":71947,"minecraft:crouch_one_cm":36444,"tombstone:undead_killed":195,"tombstone:villager_killed":12,"minecraft:interact_with_smoker":29,"minecraft:inspect_dispenser":1,"minecraft:interact_with_anvil":1,"minecraft:mob_kills":325,"minecraft:damage_dealt_resisted":1355,"minecraft:climb_one_cm":39221,"minecraft:walk_one_cm":2245999,"minecraft:damage_dealt_absorbed":173,"minecraft:sneak_time":7795,"minecraft:walk_under_water_one_cm":84071,"minecraft:interact_with_blast_furnace":40,"minecraft:total_world_time":422764,"tombstone:raider_killed":5,"minecraft:tune_noteblock":3,"minecraft:time_since_rest":14047,"minecraft:damage_taken":26108,"minecraft:swim_one_cm":140515,"minecraft:fly_one_cm":1878308,"minecraft:open_chest":110,"minecraft:fall_one_cm":160302},"minecraft:mined":{"minecraft:dark_oak_planks":2,"minecraft:large_amethyst_bud":2,"minecraft:spruce_planks":8,"minecraft:sculk_vein":95,"minecraft:granite":1,"minecraft:grass_block":4,"minecraft:coal_block":10,"minecraft:spawner":3,"minecraft:sculk_catalyst":4,"minecraft:fire":6,"minecraft:pumpkin":1,"iceandfire:gold_pile":42,"minecraft:small_amethyst_bud":1,"minecraft:stripped_mangrove_wood":1,"minecraft:smoker":4,"minecraft:medium_amethyst_bud":1,"minecraft:amethyst_cluster":3,"minecraft:clay":8,"iceandfire:dragon_ice_spikes":3,"minecraft:torch":1,"minecraft:blast_furnace":5,"minecraft:cobblestone":1,"minecraft:cyan_bed":12,"minecraft:oak_planks":7,"minecraft:wall_torch":2,"minecraft:amethyst_block":4,"minecraft:light_gray_stained_glass":7,"farmersdelight:cutting_board":7,"minecraft:grass":14,"minecraft:sand":60,"minecraft:dirt":8,"minecraft:oak_leaves":3,"minecraft:deepslate":12,"minecraft:diamond_ore":3,"minecraft:mossy_cobblestone":1,"iceandfire:frozen_cobblestone":11,"minecraft:ladder":2,"minecraft:purple_terracotta":1,"iceandfire:frozen_stone":5,"minecraft:white_stained_glass":7,"minecraft:large_fern":4,"minecraft:hay_block":39,"dynamictrees:oak_leaves":6,"supplementaries:rope":11,"minecraft:furnace":8,"dynamictrees:spruce_leaves":36,"minecraft:peony":2,"minecraft:gold_block":3,"minecraft:bookshelf":1,"minecraft:stone":136,"iceandfire:podium_spruce":1,"farmersdelight:cooking_pot":1,"iceandfire:pixie_jar_empty":1,"waystones:warp_plate":1,"minecraft:crafting_table":33,"minecraft:emerald_ore":1,"minecraft:sculk_sensor":5,"minecraft:campfire":1,"minecraft:tall_grass":1,"minecraft:copper_ore":39,"minecraft:sculk":913,"minecraft:diorite":23,"minecraft:coarse_dirt":7,"minecraft:spruce_log":1,"minecraft:yellow_bed":16,"minecraft:coal_ore":5,"iceandfire:silver_pile":1,"minecraft:gravel":24,"minecraft:cyan_carpet":3,"farmersdelight:stove":1,"minecraft:cobweb":6,"minecraft:gold_ore":2},"minecraft:broken":{"minecraft:iron_sword":1,"minecraft:iron_hoe":3}},"DataVersion":3465}