{"stats":{"minecraft:dropped":{"minecraft:enchanted_book":1,"minecraft:bread":19,"minecraft:iron_ingot":280,"minecraft:iron_sword":4,"minecraft:wheat_seeds":1,"dynamictrees:birch_seed":1,"minecraft:iron_helmet":1,"iceandfire:ectoplasm":1,"minecraft:copper_ingot":2,"alexsmobs:bison_fur":2,"minecraft:leather_helmet":2,"minecraft:red_mushroom":1,"minecraft:emerald":1,"minecraft:stick":1,"minecraft:dirt":1,"tombstone:bag_of_seeds":1,"undead_revamp2:the_somnolenceextract":1,"minecraft:snowball":16,"tombstone:grave_dust":8,"minecraft:potion":2,"minecraft:iron_leggings":1,"minecraft:wooden_sword":1,"minecraft:pumpkin_pie":6,"dynamictrees:cherry_seed":3,"iceandfire:armor_silver_metal_helmet":1,"iceandfire:dragon_skull_fire":1,"minecraft:stone_axe":2,"dynamictrees:oak_seed":27,"iceandfire:ghost_ingot":1,"alexsmobs:animal_dictionary":2,"undead_revamp2:arapholia":1,"tombstone:gift":2,"minecraft:rotten_flesh":7,"minecraft:iron_boots":2,"iceandfire:dragon_skull_ice":1,"supplementaries:ash":2,"iceandfire:chain":1,"undead_revamp2:heavytooth":2,"minecraft:diamond_chestplate":2,"minecraft:iron_chestplate":1,"minecraft:charcoal":2,"minecraft:leather_boots":2,"epicfight:glove":2,"iceandfire:bestiary":1,"minecraft:leather_leggings":1,"minecraft:diamond_boots":3,"minecraft:bow":1,"minecraft:beef":19,"minecraft:cyan_bed":1,"epicfight:skillbook":1},"minecraft:killed":{"undead_revamp2:thehunter":1,"alexsmobs:raccoon":1,"minecraft:spider":4,"undead_revamp2:bomber":1,"undead_revamp2:theswarmer":1,"minecraft:horse":4,"minecraft:skeleton":48,"iceandfire:fire_dragon":1,"minecraft:bee":1,"undead_revamp2:thebidy":1,"undead_revamp2:therod":1,"undead_revamp2:sucker":2,"undead_revamp2:thespitter":2,"minecraft:husk":12,"iceandfire:troll":1,"undead_revamp2:the_moonflower":4,"minecraft:iron_golem":1,"minecraft:creeper":5,"undead_revamp2:thebidyupside":1,"undead_revamp2:thesomnolence":10,"minecraft:zombie":42,"iceandfire:ghost":1,"undead_revamp2:theskeeper":2,"minecraft:villager":10,"minecraft:enderman":2,"minecraft:cow":11},"minecraft:picked_up":{"minecraft:charcoal":2,"minecraft:iron_chestplate":2,"minecraft:coarse_dirt":7,"minecraft:crafting_table":13,"iceandfire:troll_weapon_hammer":1,"minecraft:ladder":2,"minecraft:leather_leggings":5,"iceandfire:chain":1,"minecraft:cooked_rabbit":1,"minecraft:enchanted_book":1,"minecraft:gold_block":2,"minecraft:potion":3,"minecraft:chain":1,"farmersdelight:cutting_board":6,"minecraft:string":17,"minecraft:iron_leggings":2,"minecraft:armor_stand":6,"minecraft:item_frame":1,"minecraft:experience_bottle":3,"minecraft:cyan_carpet":2,"iceandfire:ghost_ingot":2,"iceandfire:bestiary":1,"minecraft:gold_nugget":678,"minecraft:spruce_planks":6,"minecraft:beef":26,"dynamictrees:oak_seed":29,"minecraft:poppy":1,"minecraft:iron_pickaxe":1,"alexsmobs:raccoon_tail":1,"minecraft:coal_block":10,"supplementaries:rope":5,"minecraft:egg":1,"minecraft:iron_boots":4,"iceandfire:ice_dragon_heart":1,"minecraft:furnace":1,"minecraft:stripped_mangrove_wood":1,"minecraft:stick":127,"iceandfire:dragonbone":35,"iceandfire:dragonscales_gray":5,"iceandfire:troll_tusk":2,"minecraft:copper_ingot":2,"minecraft:torch":4,"sophisticatedbackpacks:backpack":2,"epicfight:skillbook":4,"tombstone:grave_dust":6,"minecraft:dark_oak_planks":2,"minecraft:purple_terracotta":1,"iceandfire:dragon_skull_ice":3,"minecraft:arrow":46,"minecraft:diamond_chestplate":3,"minecraft:rotten_flesh":69,"iceandfire:dragonscales_silver":2,"minecraft:shears":1,"minecraft:diamond_boots":4,"minecraft:hay_block":38,"iceandfire:fire_dragon_heart":1,"undead_revamp2:the_somnolenceextract":2,"supplementaries:ash":2,"minecraft:mutton":2,"minecraft:snowball":43,"minecraft:cobblestone":58,"minecraft:white_wool":1,"minecraft:leather_chestplate":4,"minecraft:cooked_beef":1,"minecraft:leather":39,"minecraft:red_mushroom":1,"iceandfire:troll_leather_mountain":6,"alexsmobs:bison_fur":2,"supplementaries:rope_arrow":1,"minecraft:oak_log":76,"iceandfire:ectoplasm":1,"minecraft:yellow_bed":8,"minecraft:dirt":43,"minecraft:lantern":3,"minecraft:leather_boots":5,"minecraft:bone":38,"iceandfire:pixie_jar_empty":1,"minecraft:bow":4,"minecraft:wheat_seeds":3,"iceandfire:armor_silver_metal_helmet":1,"minecraft:iron_ingot":296,"dynamictrees:birch_seed":1,"minecraft:dark_oak_sign":3,"tombstone:bag_of_seeds":1,"minecraft:rabbit":4,"minecraft:oak_planks":7,"minecraft:iron_sword":3,"sophisticatedbackpacks:diamond_backpack":1,"minecraft:book":3,"minecraft:pumpkin":1,"iceandfire:podium_spruce":1,"iceandfire:ash":1,"iceandfire:dragon_skull_fire":1,"minecraft:blast_furnace":1,"minecraft:spruce_log":3,"minecraft:cyan_bed":12,"minecraft:spider_eye":2,"alexsmobs:animal_dictionary":2,"minecraft:leather_helmet":5,"undead_revamp2:heavytooth":2,"minecraft:slime_ball":1,"minecraft:diamond":22,"minecraft:iron_helmet":2,"dynamictrees:cherry_seed":4,"iceandfire:ice_dragon_flesh":4,"minecraft:emerald":1,"tombstone:magic_scroll":3},"minecraft:broken":{"minecraft:iron_sword":1,"minecraft:iron_hoe":3},"minecraft:killed_by":{"minecraft:husk":13,"undead_revamp2:sucker":2,"undead_revamp2:the_moonflower":4,"minecraft:creeper":1,"minecraft:spider":1,"undead_revamp2:thesomnolence":1,"alexsmobs:bison":1,"undead_revamp2:thehorrors":2,"undead_revamp2:thehunter":1,"iceandfire:ice_dragon":1,"minecraft:skeleton":13,"minecraft:zombie":9,"iceandfire:troll":2,"undead_revamp2:thebeartamer":1,"iceandfire:fire_dragon":7},"minecraft:crafted":{"minecraft:wooden_sword":1,"minecraft:oak_planks":120,"minecraft:coal":18,"minecraft:leather_boots":2,"minecraft:iron_nugget":4,"minecraft:furnace":1,"epicfight:glove":2,"minecraft:iron_axe":1,"minecraft:iron_hoe":4,"iceandfire:armor_gray_helmet":1,"minecraft:chest":2,"iceandfire:chain":2,"minecraft:smoker":1,"sophisticatedbackpacks:iron_backpack":2,"minecraft:wheat":324,"supplementaries:rope_arrow":12,"sophisticatedbackpacks:backpack":2,"minecraft:crafting_table":5,"minecraft:spruce_planks":4,"minecraft:iron_sword":5,"sophisticatedbackpacks:gold_backpack":2,"minecraft:mangrove_planks":4,"minecraft:stone_axe":2,"minecraft:bread":108,"minecraft:air":0,"farmersdelight:cutting_board":1,"sophisticatedbackpacks:diamond_backpack":2,"minecraft:stick":8,"minecraft:iron_pickaxe":1,"minecraft:gold_ingot":98,"minecraft:torch":80},"minecraft:used":{"iceandfire:dragon_skull_ice":1,"minecraft:armor_stand":6,"minecraft:ladder":2,"minecraft:iron_sword":643,"dynamictrees:oak_seed":2,"minecraft:iron_chestplate":1,"minecraft:torch":72,"minecraft:dirt":8,"minecraft:honey_bottle":4,"minecraft:iron_hoe":1017,"sophisticatedbackpacks:diamond_backpack":2,"minecraft:lantern":3,"minecraft:iron_axe":4,"minecraft:iron_helmet":9,"minecraft:iron_boots":2,"minecraft:item_frame":1,"farmersdelight:cutting_board":5,"minecraft:bow":5,"minecraft:furnace":1,"minecraft:egg":1,"tombstone:gift":4,"minecraft:cooked_beef":1,"iceandfire:troll_weapon_hammer":1,"minecraft:water_bucket":30,"epicfight:skillbook":5,"minecraft:baked_potato":15,"minecraft:mangrove_planks":1,"minecraft:glass_bottle":2,"minecraft:dark_oak_sign":3,"minecraft:oak_planks":28,"minecraft:leather_boots":4,"iceandfire:podium_spruce":1,"minecraft:crafting_table":17,"minecraft:blast_furnace":1,"minecraft:purple_terracotta":1,"minecraft:spruce_log":2,"minecraft:cake":2,"minecraft:smoker":1,"dynamictrees:cherry_seed":1,"sophisticatedbackpacks:backpack":2,"minecraft:iron_pickaxe":75,"minecraft:bread":101,"minecraft:cyan_bed":11,"minecraft:cyan_carpet":2,"tombstone:magic_scroll":3,"minecraft:leather_helmet":8,"supplementaries:rope":1,"tombstone:grave_key":8,"minecraft:stone_axe":68,"minecraft:potion":2,"minecraft:wooden_sword":16,"minecraft:cobblestone":18,"minecraft:cooked_rabbit":1,"minecraft:bucket":31,"minecraft:yellow_bed":7,"alexsmobs:animal_dictionary":3,"minecraft:coarse_dirt":7,"minecraft:cobweb":6,"minecraft:experience_bottle":3},"minecraft:custom":{"minecraft:interact_with_anvil":1,"minecraft:mob_kills":173,"minecraft:interact_with_crafting_table":48,"minecraft:open_barrel":40,"minecraft:eat_cake_slice":9,"minecraft:damage_dealt_resisted":1355,"minecraft:leave_game":4,"minecraft:time_since_death":17964,"minecraft:climb_one_cm":25176,"minecraft:sprint_one_cm":874149,"minecraft:walk_one_cm":1574530,"minecraft:drop":81,"minecraft:damage_dealt_absorbed":173,"minecraft:talked_to_villager":2,"minecraft:play_time":275637,"minecraft:sneak_time":5360,"minecraft:deaths":59,"minecraft:walk_under_water_one_cm":43795,"minecraft:jump":4601,"minecraft:interact_with_blast_furnace":7,"minecraft:walk_on_water_one_cm":66990,"minecraft:total_world_time":275637,"minecraft:interact_with_furnace":12,"minecraft:tune_noteblock":3,"minecraft:sleep_in_bed":12,"minecraft:time_since_rest":9732,"minecraft:damage_taken":22049,"tombstone:sneak_grave":1,"minecraft:damage_dealt":37572,"minecraft:swim_one_cm":53527,"minecraft:fly_one_cm":1144198,"minecraft:open_chest":84,"minecraft:crouch_one_cm":26857,"tombstone:undead_killed":118,"tombstone:villager_killed":10,"minecraft:interact_with_smoker":3,"minecraft:fall_one_cm":111123,"minecraft:inspect_dispenser":1},"minecraft:mined":{"minecraft:dark_oak_planks":2,"minecraft:spruce_planks":8,"minecraft:sculk_vein":95,"minecraft:ladder":2,"minecraft:purple_terracotta":1,"minecraft:grass_block":4,"minecraft:white_stained_glass":7,"minecraft:coal_block":10,"minecraft:spawner":3,"dynamictrees:oak_leaves":6,"supplementaries:rope":5,"minecraft:hay_block":39,"minecraft:sculk_catalyst":4,"minecraft:fire":6,"minecraft:pumpkin":1,"dynamictrees:spruce_leaves":14,"minecraft:gold_block":2,"minecraft:bookshelf":1,"iceandfire:gold_pile":42,"minecraft:stripped_mangrove_wood":1,"minecraft:stone":50,"iceandfire:podium_spruce":1,"iceandfire:pixie_jar_empty":1,"minecraft:crafting_table":14,"minecraft:torch":1,"minecraft:blast_furnace":3,"minecraft:emerald_ore":1,"minecraft:sculk_sensor":5,"minecraft:campfire":1,"minecraft:tall_grass":1,"minecraft:cyan_bed":12,"minecraft:oak_planks":6,"minecraft:sculk":913,"minecraft:wall_torch":2,"minecraft:coarse_dirt":7,"minecraft:light_gray_stained_glass":7,"farmersdelight:cutting_board":5,"minecraft:spruce_log":1,"minecraft:yellow_bed":8,"minecraft:grass":11,"minecraft:cyan_carpet":3,"minecraft:dirt":7,"minecraft:cobweb":6,"minecraft:oak_leaves":3}},"DataVersion":3465}