{"stats":{"minecraft:dropped":{"minecraft:enchanted_book":1,"minecraft:bread":19,"minecraft:iron_sword":1,"minecraft:wheat_seeds":1,"dynamictrees:birch_seed":1,"minecraft:iron_helmet":1,"iceandfire:ectoplasm":1,"minecraft:copper_ingot":2,"alexsmobs:bison_fur":2,"minecraft:leather_helmet":1,"minecraft:stick":1,"minecraft:emerald":1,"tombstone:bag_of_seeds":1,"undead_revamp2:the_somnolenceextract":1,"minecraft:snowball":16,"minecraft:iron_leggings":1,"tombstone:grave_dust":8,"minecraft:potion":2,"minecraft:pumpkin_pie":6,"minecraft:wooden_sword":1,"dynamictrees:cherry_seed":3,"iceandfire:dragon_skull_fire":1,"minecraft:stone_axe":1,"dynamictrees:oak_seed":27,"iceandfire:ghost_ingot":1,"alexsmobs:animal_dictionary":2,"tombstone:gift":1,"undead_revamp2:arapholia":1,"minecraft:iron_boots":1,"minecraft:diamond_chestplate":1,"minecraft:iron_chestplate":1,"minecraft:charcoal":2,"minecraft:leather_boots":2,"iceandfire:bestiary":1,"epicfight:glove":2,"minecraft:leather_leggings":1,"minecraft:bow":1},"minecraft:killed":{"undead_revamp2:thehunter":1,"alexsmobs:raccoon":1,"minecraft:spider":4,"undead_revamp2:theswarmer":1,"minecraft:skeleton":39,"minecraft:horse":4,"iceandfire:fire_dragon":1,"minecraft:bee":1,"undead_revamp2:thebidy":1,"undead_revamp2:therod":1,"undead_revamp2:sucker":2,"undead_revamp2:thespitter":2,"minecraft:husk":12,"iceandfire:troll":1,"undead_revamp2:the_moonflower":4,"minecraft:iron_golem":1,"minecraft:creeper":4,"undead_revamp2:thebidyupside":1,"undead_revamp2:thesomnolence":10,"minecraft:zombie":37,"iceandfire:ghost":1,"undead_revamp2:theskeeper":2,"minecraft:villager":10,"minecraft:enderman":1,"minecraft:cow":11},"minecraft:picked_up":{"minecraft:crafting_table":9,"minecraft:iron_chestplate":2,"minecraft:charcoal":2,"minecraft:coarse_dirt":7,"minecraft:ladder":2,"iceandfire:troll_weapon_hammer":1,"minecraft:leather_leggings":5,"minecraft:cooked_rabbit":1,"minecraft:enchanted_book":1,"minecraft:gold_block":2,"minecraft:potion":3,"minecraft:chain":1,"farmersdelight:cutting_board":6,"minecraft:string":17,"minecraft:iron_leggings":2,"minecraft:item_frame":1,"minecraft:armor_stand":6,"minecraft:experience_bottle":3,"minecraft:cyan_carpet":2,"iceandfire:ghost_ingot":2,"iceandfire:bestiary":1,"minecraft:gold_nugget":678,"minecraft:spruce_planks":6,"minecraft:beef":26,"dynamictrees:oak_seed":29,"minecraft:poppy":1,"alexsmobs:raccoon_tail":1,"minecraft:coal_block":10,"minecraft:egg":1,"minecraft:iron_boots":2,"minecraft:stick":127,"iceandfire:dragonbone":27,"minecraft:stripped_mangrove_wood":1,"iceandfire:dragonscales_gray":5,"iceandfire:troll_tusk":2,"minecraft:copper_ingot":2,"minecraft:torch":4,"sophisticatedbackpacks:backpack":1,"epicfight:skillbook":3,"tombstone:grave_dust":5,"minecraft:dark_oak_planks":2,"iceandfire:dragon_skull_ice":2,"minecraft:diamond_chestplate":2,"minecraft:arrow":36,"minecraft:rotten_flesh":61,"minecraft:shears":1,"minecraft:diamond_boots":1,"minecraft:hay_block":38,"iceandfire:fire_dragon_heart":1,"undead_revamp2:the_somnolenceextract":2,"minecraft:mutton":2,"minecraft:white_wool":1,"minecraft:snowball":43,"minecraft:cobblestone":54,"minecraft:leather_chestplate":4,"minecraft:cooked_beef":1,"minecraft:leather":39,"iceandfire:troll_leather_mountain":6,"alexsmobs:bison_fur":2,"minecraft:oak_log":76,"iceandfire:ectoplasm":1,"minecraft:yellow_bed":6,"minecraft:dirt":36,"minecraft:lantern":3,"minecraft:leather_boots":5,"minecraft:bone":32,"iceandfire:pixie_jar_empty":1,"minecraft:bow":1,"minecraft:wheat_seeds":3,"minecraft:iron_ingot":4,"dynamictrees:birch_seed":1,"minecraft:dark_oak_sign":3,"tombstone:bag_of_seeds":1,"minecraft:rabbit":4,"minecraft:iron_sword":3,"minecraft:oak_planks":7,"minecraft:book":3,"minecraft:pumpkin":1,"iceandfire:podium_spruce":1,"iceandfire:ash":1,"iceandfire:dragon_skull_fire":1,"minecraft:blast_furnace":1,"minecraft:spruce_log":3,"minecraft:cyan_bed":10,"minecraft:spider_eye":2,"alexsmobs:animal_dictionary":2,"minecraft:leather_helmet":4,"minecraft:iron_helmet":2,"dynamictrees:cherry_seed":4,"minecraft:emerald":1,"tombstone:magic_scroll":3},"minecraft:broken":{"minecraft:iron_sword":1,"minecraft:iron_hoe":3},"minecraft:killed_by":{"minecraft:husk":13,"undead_revamp2:sucker":2,"undead_revamp2:the_moonflower":4,"minecraft:creeper":1,"minecraft:spider":1,"undead_revamp2:thesomnolence":1,"alexsmobs:bison":1,"undead_revamp2:thehorrors":2,"undead_revamp2:thehunter":1,"minecraft:skeleton":13,"minecraft:zombie":9,"iceandfire:troll":2,"undead_revamp2:thebeartamer":1,"iceandfire:fire_dragon":7},"minecraft:crafted":{"minecraft:wooden_sword":1,"minecraft:oak_planks":120,"minecraft:coal":18,"minecraft:leather_boots":2,"minecraft:iron_nugget":4,"epicfight:glove":2,"minecraft:iron_hoe":4,"iceandfire:armor_gray_helmet":1,"minecraft:chest":2,"minecraft:wheat":324,"sophisticatedbackpacks:backpack":2,"minecraft:crafting_table":4,"minecraft:spruce_planks":4,"minecraft:iron_sword":1,"minecraft:mangrove_planks":4,"minecraft:stone_axe":2,"minecraft:bread":108,"minecraft:air":0,"farmersdelight:cutting_board":1,"minecraft:stick":8,"minecraft:iron_pickaxe":1,"minecraft:gold_ingot":98,"minecraft:torch":80},"minecraft:used":{"minecraft:ladder":2,"minecraft:armor_stand":6,"iceandfire:dragon_skull_ice":1,"minecraft:iron_sword":575,"dynamictrees:oak_seed":2,"minecraft:iron_chestplate":1,"minecraft:torch":71,"minecraft:dirt":8,"minecraft:honey_bottle":4,"minecraft:iron_hoe":1017,"minecraft:lantern":3,"minecraft:iron_helmet":9,"minecraft:iron_boots":2,"minecraft:item_frame":1,"farmersdelight:cutting_board":5,"tombstone:gift":4,"minecraft:egg":1,"minecraft:cooked_beef":1,"iceandfire:troll_weapon_hammer":1,"minecraft:water_bucket":18,"epicfight:skillbook":5,"minecraft:baked_potato":3,"minecraft:mangrove_planks":1,"minecraft:glass_bottle":2,"minecraft:dark_oak_sign":3,"minecraft:oak_planks":28,"minecraft:leather_boots":4,"iceandfire:podium_spruce":1,"minecraft:crafting_table":11,"minecraft:blast_furnace":1,"minecraft:spruce_log":2,"minecraft:cake":2,"sophisticatedbackpacks:backpack":2,"dynamictrees:cherry_seed":1,"minecraft:iron_pickaxe":72,"minecraft:bread":90,"minecraft:cyan_bed":10,"minecraft:cyan_carpet":2,"tombstone:magic_scroll":3,"minecraft:leather_helmet":8,"tombstone:grave_key":8,"minecraft:stone_axe":67,"minecraft:wooden_sword":16,"minecraft:cobblestone":18,"minecraft:potion":2,"minecraft:cooked_rabbit":1,"minecraft:bucket":19,"minecraft:yellow_bed":5,"alexsmobs:animal_dictionary":3,"minecraft:coarse_dirt":7,"minecraft:cobweb":6,"minecraft:experience_bottle":3},"minecraft:custom":{"minecraft:mob_kills":155,"minecraft:interact_with_crafting_table":30,"minecraft:open_barrel":40,"minecraft:damage_dealt_resisted":269,"minecraft:eat_cake_slice":9,"minecraft:leave_game":3,"minecraft:time_since_death":2547,"minecraft:climb_one_cm":11143,"minecraft:sprint_one_cm":802812,"minecraft:walk_one_cm":1411206,"minecraft:drop":53,"minecraft:damage_dealt_absorbed":173,"minecraft:talked_to_villager":2,"minecraft:play_time":234182,"minecraft:deaths":58,"minecraft:sneak_time":4348,"minecraft:walk_under_water_one_cm":37388,"minecraft:jump":4061,"minecraft:interact_with_blast_furnace":6,"minecraft:walk_on_water_one_cm":63486,"minecraft:total_world_time":234182,"minecraft:interact_with_furnace":10,"minecraft:tune_noteblock":3,"minecraft:sleep_in_bed":10,"minecraft:time_since_rest":2422,"minecraft:damage_taken":20783,"minecraft:damage_dealt":31974,"minecraft:swim_one_cm":48640,"minecraft:fly_one_cm":1069164,"minecraft:open_chest":62,"minecraft:crouch_one_cm":22408,"tombstone:undead_killed":103,"tombstone:villager_killed":10,"minecraft:fall_one_cm":95845},"minecraft:mined":{"minecraft:dark_oak_planks":2,"minecraft:spruce_planks":8,"minecraft:sculk_vein":95,"minecraft:ladder":2,"minecraft:grass_block":3,"minecraft:white_stained_glass":7,"minecraft:coal_block":10,"minecraft:spawner":3,"minecraft:hay_block":39,"dynamictrees:oak_leaves":6,"minecraft:sculk_catalyst":4,"minecraft:fire":6,"minecraft:pumpkin":1,"dynamictrees:spruce_leaves":5,"minecraft:gold_block":2,"minecraft:bookshelf":1,"iceandfire:gold_pile":42,"minecraft:stone":50,"minecraft:stripped_mangrove_wood":1,"iceandfire:podium_spruce":1,"iceandfire:pixie_jar_empty":1,"minecraft:crafting_table":9,"minecraft:torch":1,"minecraft:blast_furnace":1,"minecraft:emerald_ore":1,"minecraft:sculk_sensor":5,"minecraft:campfire":1,"minecraft:tall_grass":1,"minecraft:cyan_bed":10,"minecraft:oak_planks":6,"minecraft:sculk":913,"minecraft:wall_torch":2,"minecraft:coarse_dirt":7,"minecraft:light_gray_stained_glass":7,"farmersdelight:cutting_board":5,"minecraft:spruce_log":1,"minecraft:yellow_bed":6,"minecraft:grass":7,"minecraft:cyan_carpet":3,"minecraft:dirt":7,"minecraft:cobweb":6,"minecraft:oak_leaves":3}},"DataVersion":3465}