{"stats":{"minecraft:used":{"minecraft:peony":2,"undead_revamp2:clogggerribswithbun":20,"iceandfire:ghost_sword":38,"minecraft:iron_shovel":39,"iceandfire:dragon_skull_ice":2,"minecraft:ladder":2,"farmersdelight:stove":1,"minecraft:iron_sword":1068,"minecraft:iron_chestplate":1,"minecraft:nether_bricks":1,"iceandfire:frozen_stone":1,"minecraft:honey_bottle":4,"sophisticatedbackpacks:diamond_backpack":2,"minecraft:lantern":3,"minecraft:grass_block":1,"epicfight:iron_dagger":16,"minecraft:iron_helmet":9,"minecraft:stone_brick_stairs":1,"minecraft:item_frame":1,"minecraft:bow":15,"farmersdelight:cutting_board":7,"minecraft:furnace":9,"minecraft:egg":2,"iceandfire:troll_weapon_hammer":1,"minecraft:mossy_stone_bricks":1,"dynamictrees:spruce_seed":1,"epicfight:skillbook":8,"minecraft:oak_planks":48,"minecraft:mangrove_planks":1,"minecraft:dark_oak_sign":3,"minecraft:ender_pearl":1,"iceandfire:dragonbone_sword_ice":19,"minecraft:blue_bed":1,"iceandfire:podium_spruce":1,"minecraft:sand":1,"minecraft:blast_furnace":3,"minecraft:purple_terracotta":1,"sophisticatedbackpacks:backpack":2,"minecraft:bread":116,"minecraft:cyan_bed":11,"minecraft:cyan_carpet":2,"tombstone:grave_key":11,"iceandfire:ice_dragon_flesh":1,"minecraft:gravel":22,"minecraft:wooden_sword":16,"minecraft:cooked_rabbit":1,"minecraft:coarse_dirt":7,"minecraft:cobweb":6,"minecraft:experience_bottle":3,"minecraft:armor_stand":6,"dynamictrees:oak_seed":2,"minecraft:torch":149,"minecraft:dirt":8,"minecraft:iron_hoe":1017,"minecraft:iron_axe":33,"minecraft:iron_boots":2,"waystones:warp_plate":11,"farmersdelight:cooking_pot":1,"tombstone:gift":4,"minecraft:cooked_beef":4,"farmersdelight:iron_knife":13,"minecraft:water_bucket":72,"tombstone:scroll_of_knowledge":2,"tombstone:scroll_of_reach":1,"minecraft:glass_bottle":2,"minecraft:baked_potato":15,"minecraft:leather_boots":4,"minecraft:cracked_stone_bricks":1,"minecraft:mossy_cobblestone":1,"minecraft:crafting_table":40,"minecraft:spruce_log":2,"minecraft:cake":2,"minecraft:smoker":7,"dynamictrees:cherry_seed":1,"farmersdelight:stuffed_potato":38,"minecraft:iron_pickaxe":532,"tombstone:magic_scroll":16,"minecraft:leather_helmet":8,"iceandfire:armor_silver_boots":1,"supplementaries:rope":1,"minecraft:stone_axe":68,"minecraft:cobblestone":18,"minecraft:potion":5,"minecraft:bucket":74,"minecraft:yellow_bed":20,"alexsmobs:animal_dictionary":3},"minecraft:broken":{"minecraft:iron_sword":1,"minecraft:iron_hoe":3,"minecraft:leather_boots":1},"minecraft:killed":{"minecraft:cave_spider":26,"minecraft:spider":29,"undead_revamp2:clogger":2,"undead_revamp2:theswarmer":2,"minecraft:skeleton":108,"undead_revamp2:deadclogger":2,"minecraft:bee":3,"undead_revamp2:therod":2,"undead_revamp2:thepregnant":3,"undead_revamp2:thespitter":5,"minecraft:pig":8,"minecraft:zombie_villager":1,"minecraft:iron_golem":2,"minecraft:creeper":22,"undead_revamp2:thebidyupside":8,"minecraft:pillager":5,"undead_revamp2:slaveman":1,"minecraft:donkey":1,"minecraft:zombie":100,"alexsmobs:terrapin":1,"minecraft:stray":5,"undead_revamp2:theskeeper":3,"minecraft:cow":31,"undead_revamp2:thehunter":7,"alexsmobs:raccoon":1,"undead_revamp2:bomber":3,"minecraft:horse":5,"iceandfire:fire_dragon":1,"undead_revamp2:thebidy":5,"alexsmobs:bison":1,"undead_revamp2:sucker":5,"minecraft:husk":27,"iceandfire:troll":1,"undead_revamp2:the_moonflower":11,"undead_revamp2:thesomnolence":20,"iceandfire:ghost":1,"iceandfire:ice_dragon":2,"minecraft:wither_skeleton":6,"minecraft:villager":12,"minecraft:enderman":7},"minecraft:crafted":{"minecraft:brick":24,"minecraft:oak_planks":120,"iceandfire:armor_silver_boots":3,"iceandfire:ghost_sword":1,"minecraft:stone":8,"waystones:warp_plate":2,"minecraft:glass":64,"iceandfire:armor_gray_helmet":1,"minecraft:chest":2,"minecraft:copper_block":16,"minecraft:bricks":5,"minecraft:stone_bricks":8,"minecraft:smoker":3,"farmersdelight:stove":1,"minecraft:glass_bottle":60,"supplementaries:rope_arrow":29,"sophisticatedbackpacks:backpack":2,"iceandfire:armor_silver_leggings":2,"minecraft:crafting_table":8,"minecraft:spruce_planks":4,"farmersdelight:iron_knife":1,"minecraft:baked_potato":38,"minecraft:copper_ingot":182,"undead_revamp2:clogggerribswithbun":37,"minecraft:campfire":1,"sophisticatedbackpacks:upgrade_base":2,"farmersdelight:beef_patty":30,"farmersdelight:cutting_board":1,"iceandfire:dragonbone_sword_ice":1,"sophisticatedbackpacks:diamond_backpack":2,"minecraft:stick":12,"minecraft:iron_pickaxe":1,"minecraft:gold_ingot":108,"farmersdelight:stuffed_potato":38,"farmersdelight:milk_bottle":36,"minecraft:wooden_sword":1,"minecraft:coal":99,"minecraft:leather_boots":2,"minecraft:iron_nugget":4,"iceandfire:dragonbone_sword_fire":2,"iceandfire:armor_blue_chestplate":1,"minecraft:furnace":5,"sophisticatedbackpacks:stack_upgrade_starter_tier":2,"minecraft:bone_meal":9,"epicfight:glove":2,"iceandfire:armor_silver_chestplate":1,"minecraft:iron_axe":1,"minecraft:iron_hoe":4,"farmersdelight:dog_food":2,"minecraft:wheat":324,"sophisticatedbackpacks:iron_backpack":2,"iceandfire:chain":2,"minecraft:cooked_beef":18,"iceandfire:dragonbone_sword":4,"minecraft:iron_sword":5,"minecraft:bowl":20,"farmersdelight:cooking_pot":1,"epicfight:iron_dagger":1,"sophisticatedbackpacks:gold_backpack":2,"minecraft:mangrove_planks":4,"minecraft:bucket":1,"minecraft:stone_axe":2,"minecraft:bread":108,"minecraft:air":0,"minecraft:iron_shovel":1,"waystones:warp_dust":8,"minecraft:torch":112,"iceandfire:armor_silver_helmet":1},"minecraft:killed_by":{"undead_revamp2:sucker":2,"undead_revamp2:the_moonflower":4,"minecraft:creeper":1,"iceandfire:ice_dragon":6,"minecraft:zombie":10,"iceandfire:fire_dragon":7,"minecraft:husk":13,"minecraft:spider":1,"undead_revamp2:thesomnolence":1,"alexsmobs:bison":1,"undead_revamp2:thehorrors":2,"undead_revamp2:thehunter":1,"minecraft:skeleton":15,"iceandfire:troll":2,"undead_revamp2:thebeartamer":1},"minecraft:dropped":{"minecraft:iron_sword":4,"minecraft:stripped_mangrove_wood":1,"minecraft:mossy_stone_brick_stairs":1,"iceandfire:ectoplasm":1,"dynamictrees:spruce_seed":1,"minecraft:saddle":1,"alexsmobs:bison_fur":2,"minecraft:leather_helmet":3,"minecraft:red_mushroom":1,"minecraft:emerald":1,"minecraft:dirt":1,"tombstone:bag_of_seeds":1,"sophisticatedbackpacks:stack_upgrade_starter_tier":1,"undead_revamp2:the_somnolenceextract":1,"minecraft:snowball":16,"minecraft:wooden_sword":1,"minecraft:pumpkin_pie":6,"minecraft:iron_pickaxe":2,"iceandfire:armor_silver_metal_helmet":1,"minecraft:blue_bed":1,"minecraft:stone_axe":3,"dynamictrees:oak_seed":27,"minecraft:cobbled_deepslate":2,"alexsmobs:animal_dictionary":2,"tombstone:gift":3,"undead_revamp2:arapholia":1,"minecraft:rotten_flesh":24,"minecraft:poppy":2,"supplementaries:ash":3,"iceandfire:chain":1,"minecraft:charcoal":2,"iceandfire:armor_silver_boots":1,"minecraft:leather_boots":2,"epicfight:glove":2,"iceandfire:bestiary":1,"minecraft:leather_leggings":1,"minecraft:iron_bars":2,"minecraft:beef":19,"minecraft:golden_boots":1,"minecraft:bread":19,"minecraft:enchanted_book":1,"minecraft:iron_ingot":330,"iceandfire:armor_silver_leggings":1,"minecraft:wheat_seeds":4,"dynamictrees:birch_seed":1,"minecraft:diamond_leggings":1,"minecraft:iron_helmet":2,"minecraft:granite":1,"minecraft:copper_ingot":4,"epicfight:iron_dagger":1,"minecraft:chainmail_helmet":2,"minecraft:golden_apple":1,"minecraft:stick":1,"minecraft:diorite":15,"minecraft:rabbit":1,"skilltree:gem":6,"minecraft:potion":3,"tombstone:grave_dust":17,"iceandfire:armor_silver_chestplate":1,"minecraft:iron_leggings":2,"dynamictrees:cherry_seed":3,"iceandfire:dragon_skull_fire":1,"waystones:attuned_shard":14,"iceandfire:ghost_ingot":1,"farmersdelight:dog_food":1,"iceandfire:dragonbone_sword_fire":2,"minecraft:iron_boots":6,"minecraft:smoker":2,"iceandfire:dragon_skull_ice":2,"undead_revamp2:heavytooth":2,"minecraft:diamond_chestplate":2,"minecraft:peony":2,"minecraft:bundle":2,"minecraft:iron_chestplate":5,"minecraft:yellow_bed":1,"minecraft:golden_leggings":1,"minecraft:spider_eye":3,"minecraft:diamond_boots":3,"undead_revamp2:clogggerribswithbun":7,"minecraft:bow":5,"minecraft:calcite":35,"minecraft:cyan_bed":1,"epicfight:skillbook":8},"minecraft:picked_up":{"minecraft:iron_chestplate":3,"minecraft:chainmail_boots":1,"iceandfire:troll_weapon_hammer":1,"minecraft:prismarine_shard":1,"minecraft:smithing_table":1,"minecraft:potion":3,"minecraft:enchanted_book":2,"minecraft:stone_brick_stairs":4,"minecraft:amethyst_block":4,"farmersdelight:cutting_board":8,"minecraft:string":51,"minecraft:raw_copper":182,"waystones:warp_plate":9,"minecraft:iron_leggings":2,"minecraft:armor_stand":6,"minecraft:experience_bottle":3,"minecraft:gold_nugget":678,"minecraft:cobbled_deepslate":12,"minecraft:spruce_planks":6,"minecraft:calcite":35,"minecraft:wooden_shovel":1,"dynamictrees:oak_seed":29,"minecraft:iron_pickaxe":2,"alexsmobs:raccoon_tail":1,"minecraft:coal_block":26,"minecraft:iron_boots":4,"minecraft:furnace":9,"minecraft:tipped_arrow":2,"minecraft:stick":127,"minecraft:torch":6,"epicfight:skillbook":14,"minecraft:porkchop":15,"tombstone:grave_dust":30,"minecraft:diorite":23,"undead_revamp2:cloogerribs":80,"minecraft:quartz_block":10,"minecraft:rotten_flesh":230,"iceandfire:fire_dragon_heart":1,"supplementaries:ash":3,"minecraft:iron_bars":9,"undead_revamp2:arapholia":1,"minecraft:snowball":43,"minecraft:cobblestone":144,"minecraft:leather_chestplate":4,"minecraft:cooked_beef":1,"minecraft:golden_leggings":1,"minecraft:smoker":8,"alexsmobs:bison_fur":4,"minecraft:flint":2,"skilltree:gem":8,"minecraft:dirt":43,"minecraft:lantern":3,"minecraft:leather_boots":7,"minecraft:bone":147,"minecraft:bow":9,"minecraft:wheat_seeds":7,"minecraft:raw_gold":2,"minecraft:dark_oak_sign":3,"minecraft:mossy_stone_bricks":1,"minecraft:rabbit":5,"minecraft:mossy_stone_brick_stairs":1,"minecraft:oak_planks":8,"iceandfire:podium_spruce":1,"iceandfire:dragon_skull_fire":1,"minecraft:sand":65,"minecraft:nether_brick_stairs":1,"sophisticatedbackpacks:iron_backpack":1,"minecraft:grass_block":1,"minecraft:cyan_bed":12,"alexsmobs:animal_dictionary":2,"minecraft:mossy_cobblestone":2,"undead_revamp2:heavytooth":2,"minecraft:bundle":5,"minecraft:diamond":29,"minecraft:granite":1,"minecraft:golden_apple":1,"minecraft:chainmail_helmet":3,"minecraft:emerald":1,"iceandfire:silver_nugget":32,"minecraft:charcoal":2,"minecraft:coarse_dirt":7,"minecraft:crafting_table":33,"iceandfire:witherbone":7,"minecraft:ladder":2,"minecraft:clay_ball":24,"minecraft:leather_leggings":5,"dynamictrees:spruce_seed":2,"iceandfire:chain":1,"minecraft:cooked_rabbit":1,"minecraft:gold_block":3,"iceandfire:frozen_cobblestone":10,"minecraft:chain":1,"minecraft:shield":1,"iceandfire:frozen_stone":5,"minecraft:item_frame":1,"minecraft:cyan_carpet":3,"iceandfire:ghost_ingot":2,"minecraft:cracked_stone_bricks":8,"iceandfire:bestiary":1,"minecraft:beef":74,"minecraft:poppy":3,"supplementaries:rope":11,"iceandfire:ice_dragon_heart":3,"minecraft:egg":3,"iceandfire:dragonbone":61,"minecraft:stripped_mangrove_wood":2,"iceandfire:dragonscales_gray":5,"iceandfire:troll_tusk":2,"minecraft:copper_ingot":4,"farmersdelight:minced_beef":30,"sophisticatedbackpacks:backpack":2,"minecraft:carrot":1,"minecraft:purple_terracotta":1,"minecraft:dark_oak_planks":2,"iceandfire:dragon_skull_ice":5,"minecraft:arrow":83,"minecraft:diamond_chestplate":3,"minecraft:peony":4,"minecraft:nether_bricks":3,"iceandfire:dragonscales_silver":39,"minecraft:shears":1,"minecraft:diamond_boots":4,"minecraft:hay_block":38,"tombstone:essence_of_undeath":3,"undead_revamp2:the_somnolenceextract":3,"minecraft:mutton":2,"minecraft:white_wool":1,"minecraft:air":0,"minecraft:leather":165,"iceandfire:troll_leather_mountain":6,"minecraft:red_mushroom":1,"supplementaries:rope_arrow":1,"minecraft:oak_log":76,"iceandfire:ectoplasm":1,"minecraft:yellow_bed":21,"minecraft:gunpowder":16,"iceandfire:dragonscales_blue":11,"minecraft:blue_bed":2,"tombstone:gift":1,"farmersdelight:cooking_pot":1,"minecraft:stone_bricks":4,"iceandfire:pixie_jar_empty":1,"iceandfire:armor_silver_metal_helmet":1,"minecraft:iron_ingot":361,"dynamictrees:birch_seed":1,"tombstone:bag_of_seeds":1,"minecraft:glass_bottle":2,"minecraft:iron_sword":4,"sophisticatedbackpacks:diamond_backpack":1,"minecraft:book":3,"minecraft:pumpkin":1,"iceandfire:ash":1,"minecraft:gravel":22,"minecraft:amethyst_shard":36,"waystones:attuned_shard":14,"minecraft:blast_furnace":7,"minecraft:spruce_log":3,"minecraft:spider_eye":11,"minecraft:leather_helmet":5,"undead_revamp2:rawbostrox":2,"minecraft:slime_ball":46,"minecraft:iron_helmet":2,"dynamictrees:cherry_seed":4,"minecraft:mossy_cobblestone_stairs":1,"iceandfire:ice_dragon_flesh":12,"tombstone:magic_scroll":6,"farmersdelight:stove":1,"minecraft:coal":86,"minecraft:sunflower":7,"minecraft:ender_pearl":3},"minecraft:custom":{"minecraft:interact_with_crafting_table":127,"minecraft:open_barrel":57,"minecraft:eat_cake_slice":11,"minecraft:leave_game":8,"minecraft:time_since_death":40915,"minecraft:sprint_one_cm":2107850,"minecraft:drop":187,"minecraft:talked_to_villager":3,"minecraft:play_time":545681,"minecraft:deaths":68,"minecraft:jump":8360,"minecraft:walk_on_water_one_cm":143128,"minecraft:interact_with_furnace":52,"minecraft:sleep_in_bed":20,"tombstone:sneak_grave":1,"minecraft:damage_dealt":103734,"minecraft:crouch_one_cm":39281,"tombstone:undead_killed":299,"tombstone:villager_killed":12,"minecraft:interact_with_smoker":32,"minecraft:inspect_dispenser":1,"minecraft:horse_one_cm":750274,"minecraft:interact_with_smithing_table":1,"minecraft:interact_with_anvil":1,"minecraft:mob_kills":490,"minecraft:damage_dealt_resisted":1891,"minecraft:climb_one_cm":44687,"minecraft:walk_one_cm":3312958,"minecraft:damage_dealt_absorbed":173,"minecraft:sneak_time":8742,"minecraft:walk_under_water_one_cm":104478,"minecraft:interact_with_blast_furnace":41,"minecraft:total_world_time":545681,"tombstone:raider_killed":5,"minecraft:tune_noteblock":3,"minecraft:time_since_rest":40593,"minecraft:damage_taken":30306,"tombstone:cast_on_ally":1,"minecraft:swim_one_cm":164678,"minecraft:fly_one_cm":2285949,"minecraft:open_chest":211,"minecraft:fall_one_cm":198015},"minecraft:mined":{"minecraft:dark_oak_planks":2,"minecraft:large_amethyst_bud":2,"minecraft:spruce_planks":8,"minecraft:sculk_vein":95,"minecraft:granite":1,"minecraft:grass_block":4,"minecraft:coal_block":27,"minecraft:spawner":54,"minecraft:sculk_catalyst":4,"minecraft:mossy_cobblestone_stairs":1,"minecraft:fire":6,"minecraft:pumpkin":1,"iceandfire:gold_pile":42,"minecraft:small_amethyst_bud":1,"minecraft:iron_bars":15,"minecraft:stripped_mangrove_wood":3,"minecraft:quartz_block":31,"minecraft:medium_amethyst_bud":1,"minecraft:smoker":6,"minecraft:amethyst_cluster":3,"minecraft:clay":8,"iceandfire:dragon_ice_spikes":3,"minecraft:torch":2,"minecraft:blast_furnace":7,"minecraft:calcite":37,"minecraft:cobblestone":1,"minecraft:cyan_bed":12,"minecraft:oak_planks":7,"minecraft:wall_torch":2,"minecraft:amethyst_block":4,"minecraft:white_terracotta":2,"minecraft:light_blue_terracotta":2,"minecraft:light_gray_stained_glass":7,"farmersdelight:cutting_board":7,"minecraft:stone_brick_stairs":5,"minecraft:grass":19,"minecraft:sand":60,"minecraft:dirt":8,"minecraft:netherrack":1,"minecraft:oak_leaves":3,"minecraft:deepslate":12,"minecraft:diamond_ore":3,"minecraft:mossy_cobblestone":4,"iceandfire:frozen_cobblestone":11,"minecraft:nether_bricks":2,"minecraft:ladder":2,"minecraft:purple_terracotta":1,"iceandfire:frozen_stone":5,"minecraft:white_stained_glass":7,"minecraft:large_fern":5,"minecraft:hay_block":39,"dynamictrees:oak_leaves":6,"supplementaries:rope":11,"minecraft:furnace":8,"dynamictrees:spruce_leaves":45,"minecraft:peony":2,"minecraft:gold_block":3,"minecraft:mossy_stone_brick_stairs":2,"minecraft:bookshelf":1,"minecraft:vine":3,"minecraft:stone":147,"iceandfire:podium_spruce":1,"farmersdelight:cooking_pot":1,"iceandfire:pixie_jar_empty":1,"minecraft:smithing_table":1,"waystones:warp_plate":9,"minecraft:crafting_table":35,"minecraft:emerald_ore":1,"minecraft:sculk_sensor":5,"minecraft:campfire":1,"minecraft:copper_ore":39,"minecraft:tall_grass":1,"minecraft:sculk":913,"minecraft:diorite":23,"minecraft:blue_bed":1,"minecraft:coarse_dirt":7,"minecraft:spruce_log":1,"minecraft:yellow_bed":21,"minecraft:coal_ore":5,"iceandfire:silver_pile":2,"minecraft:cyan_carpet":3,"minecraft:gravel":24,"farmersdelight:stove":1,"minecraft:cobweb":6,"minecraft:cracked_stone_bricks":9,"minecraft:stone_bricks":11,"minecraft:gold_ore":2,"minecraft:mossy_stone_bricks":5}},"DataVersion":3465}