{"stats":{"minecraft:killed":{"undead_revamp2:thehunter":1,"minecraft:spider":1,"undead_revamp2:theswarmer":1,"minecraft:skeleton":14,"minecraft:horse":4,"minecraft:bee":1,"minecraft:husk":12,"undead_revamp2:the_moonflower":1,"minecraft:iron_golem":1,"minecraft:zombie":2,"iceandfire:ghost":1,"minecraft:villager":10,"minecraft:cow":7},"minecraft:crafted":{"minecraft:wooden_sword":1,"minecraft:oak_planks":120,"minecraft:iron_nugget":4,"epicfight:glove":2,"minecraft:chest":2,"sophisticatedbackpacks:backpack":2,"minecraft:crafting_table":3,"minecraft:spruce_planks":4,"minecraft:iron_sword":1,"minecraft:mangrove_planks":4,"minecraft:stone_axe":2,"minecraft:air":0,"farmersdelight:cutting_board":1,"minecraft:stick":8,"minecraft:iron_pickaxe":1,"minecraft:torch":8},"minecraft:used":{"minecraft:armor_stand":6,"minecraft:iron_sword":226,"dynamictrees:oak_seed":2,"minecraft:iron_chestplate":1,"minecraft:torch":11,"minecraft:dirt":6,"minecraft:honey_bottle":4,"minecraft:lantern":3,"minecraft:iron_helmet":9,"minecraft:iron_boots":2,"minecraft:item_frame":1,"farmersdelight:cutting_board":5,"tombstone:gift":3,"minecraft:cooked_beef":1,"epicfight:skillbook":1,"minecraft:water_bucket":2,"minecraft:mangrove_planks":1,"minecraft:glass_bottle":2,"minecraft:dark_oak_sign":3,"minecraft:oak_planks":28,"minecraft:leather_boots":3,"iceandfire:podium_spruce":1,"minecraft:crafting_table":6,"minecraft:blast_furnace":1,"minecraft:cake":2,"sophisticatedbackpacks:backpack":1,"dynamictrees:cherry_seed":1,"minecraft:cyan_bed":8,"minecraft:bread":21,"minecraft:iron_pickaxe":24,"minecraft:cyan_carpet":2,"minecraft:leather_helmet":8,"tombstone:grave_key":2,"minecraft:stone_axe":32,"minecraft:wooden_sword":16,"minecraft:potion":2,"minecraft:cooked_rabbit":1,"minecraft:bucket":3,"alexsmobs:animal_dictionary":3,"minecraft:coarse_dirt":7,"minecraft:cobweb":6,"minecraft:experience_bottle":3},"minecraft:killed_by":{"minecraft:husk":13,"undead_revamp2:sucker":2,"undead_revamp2:the_moonflower":3,"minecraft:spider":1,"alexsmobs:bison":1,"undead_revamp2:thehunter":1,"minecraft:skeleton":11,"minecraft:zombie":2,"undead_revamp2:thebeartamer":1},"minecraft:dropped":{"minecraft:bread":3,"minecraft:iron_helmet":1,"iceandfire:ectoplasm":1,"alexsmobs:bison_fur":2,"minecraft:leather_helmet":1,"tombstone:bag_of_seeds":1,"tombstone:grave_dust":5,"minecraft:potion":2,"minecraft:wooden_sword":1,"dynamictrees:cherry_seed":3,"minecraft:stone_axe":1,"dynamictrees:oak_seed":23,"iceandfire:ghost_ingot":1,"alexsmobs:animal_dictionary":2,"tombstone:gift":1,"minecraft:leather_boots":1,"iceandfire:bestiary":1,"epicfight:glove":2,"minecraft:leather_leggings":1},"minecraft:custom":{"minecraft:mob_kills":56,"minecraft:interact_with_crafting_table":15,"minecraft:open_barrel":10,"minecraft:damage_dealt_resisted":92,"minecraft:eat_cake_slice":9,"minecraft:leave_game":3,"minecraft:time_since_death":22461,"minecraft:climb_one_cm":5147,"minecraft:sprint_one_cm":419623,"minecraft:walk_one_cm":756982,"minecraft:drop":27,"minecraft:talked_to_villager":2,"minecraft:play_time":113672,"minecraft:deaths":35,"minecraft:sneak_time":2281,"minecraft:walk_under_water_one_cm":2567,"minecraft:jump":1341,"minecraft:interact_with_blast_furnace":6,"minecraft:walk_on_water_one_cm":4542,"minecraft:total_world_time":113672,"minecraft:interact_with_furnace":10,"minecraft:tune_noteblock":3,"minecraft:sleep_in_bed":3,"minecraft:time_since_rest":7644,"minecraft:damage_taken":11015,"minecraft:damage_dealt":11977,"minecraft:swim_one_cm":7453,"minecraft:fly_one_cm":415318,"minecraft:open_chest":28,"minecraft:crouch_one_cm":9735,"tombstone:undead_killed":32,"tombstone:villager_killed":10,"minecraft:fall_one_cm":36732},"minecraft:picked_up":{"minecraft:crafting_table":4,"minecraft:iron_chestplate":1,"minecraft:coarse_dirt":7,"minecraft:leather_leggings":5,"minecraft:cooked_rabbit":1,"minecraft:potion":3,"farmersdelight:cutting_board":6,"minecraft:string":8,"minecraft:armor_stand":6,"minecraft:iron_leggings":1,"minecraft:item_frame":1,"minecraft:experience_bottle":3,"minecraft:cyan_carpet":2,"iceandfire:ghost_ingot":2,"iceandfire:bestiary":1,"minecraft:beef":19,"minecraft:poppy":1,"dynamictrees:oak_seed":25,"minecraft:coal_block":10,"minecraft:iron_boots":1,"minecraft:stick":92,"minecraft:stripped_mangrove_wood":1,"minecraft:torch":2,"epicfight:skillbook":1,"tombstone:grave_dust":2,"minecraft:dark_oak_planks":2,"minecraft:arrow":12,"minecraft:rotten_flesh":18,"minecraft:shears":1,"minecraft:hay_block":36,"minecraft:cobblestone":6,"minecraft:leather_chestplate":4,"minecraft:cooked_beef":1,"minecraft:leather":37,"alexsmobs:bison_fur":2,"minecraft:oak_log":51,"iceandfire:ectoplasm":1,"minecraft:dirt":6,"minecraft:lantern":3,"minecraft:leather_boots":5,"minecraft:bone":8,"minecraft:iron_ingot":3,"minecraft:dark_oak_sign":3,"tombstone:bag_of_seeds":1,"minecraft:iron_sword":2,"minecraft:oak_planks":6,"minecraft:book":3,"minecraft:pumpkin":1,"iceandfire:podium_spruce":1,"minecraft:blast_furnace":1,"minecraft:cyan_bed":8,"minecraft:spruce_log":1,"alexsmobs:animal_dictionary":2,"minecraft:spider_eye":1,"minecraft:leather_helmet":4,"minecraft:iron_helmet":2,"dynamictrees:cherry_seed":4,"tombstone:magic_scroll":1},"minecraft:mined":{"minecraft:dark_oak_planks":2,"minecraft:grass_block":3,"minecraft:white_stained_glass":7,"minecraft:coal_block":10,"minecraft:spawner":3,"minecraft:hay_block":37,"dynamictrees:oak_leaves":6,"minecraft:fire":4,"minecraft:pumpkin":1,"dynamictrees:spruce_leaves":5,"minecraft:bookshelf":1,"minecraft:stone":6,"minecraft:stripped_mangrove_wood":1,"iceandfire:podium_spruce":1,"minecraft:crafting_table":4,"minecraft:torch":1,"minecraft:blast_furnace":1,"minecraft:tall_grass":1,"minecraft:cyan_bed":8,"minecraft:oak_planks":6,"minecraft:wall_torch":1,"minecraft:coarse_dirt":7,"minecraft:light_gray_stained_glass":7,"farmersdelight:cutting_board":5,"minecraft:spruce_log":1,"minecraft:grass":5,"minecraft:cyan_carpet":3,"minecraft:dirt":3,"minecraft:cobweb":6,"minecraft:oak_leaves":3}},"DataVersion":3465}