{"stats":{"minecraft:killed":{"born_in_chaos_v1:zombie_clown":2,"minecraft:zombified_piglin":5,"born_in_chaos_v1:restless_spirit":2,"born_in_chaos_v1:zombie_lumberjack":1,"minecraft:spider":3,"undead_revamp2:clogger":1,"minecraft:skeleton":10,"undead_revamp2:deadclogger":1,"alexsmobs:leafcutter_ant":2,"alexsmobs:capuchin_monkey":1,"undead_revamp2:therod":1,"minecraft:camel":2,"born_in_chaos_v1:firelight_not_despawn":1,"alexsmobs:kangaroo":1,"iceandfire:myrmex_worker":2,"minecraft:magma_cube":13,"minecraft:iron_golem":1,"minecraft:creeper":1,"minecraft:zombie":16,"born_in_chaos_v1:dread_hound":3,"born_in_chaos_v1:corpse_fly":1,"minecraft:stray":4,"minecraft:blaze":11,"minecraft:cow":13,"undead_revamp2:thehunter":4,"undead_revamp2:theimmortal":21,"minecraft:vindicator":1,"undead_revamp2:bomber":1,"born_in_chaos_v1:zombie_bruiser":2,"born_in_chaos_v1:maggot":11,"minecraft:horse":1,"iceandfire:fire_dragon":2,"undead_revamp2:sucker":1,"born_in_chaos_v1:barrel_zombie":1,"minecraft:husk":7,"alexsmobs:guster":1,"born_in_chaos_v1:baby_skeleton":3,"born_in_chaos_v1:spirit_guide_assistant":2,"undead_revamp2:the_moonflower":6,"born_in_chaos_v1:decrepit_skeleton":5,"iceandfire:myrmex_soldier":2,"iceandfire:ghost":12,"minecraft:wither_skeleton":17,"minecraft:villager":10},"minecraft:dropped":{"minecraft:nether_brick_stairs":2,"sophisticatedbackpacks:iron_backpack":1,"minecraft:iron_sword":2,"minecraft:lapis_lazuli":6,"minecraft:glow_ink_sac":2,"minecraft:glass_bottle":1,"alexsmobs:kangaroo_meat":1,"minecraft:sandstone_stairs":1,"minecraft:sandstone_slab":3,"minecraft:red_nether_brick_slab":1,"minecraft:jungle_planks":16,"iceandfire:ectoplasm":4,"minecraft:emerald":1,"minecraft:red_mushroom":1,"sophisticatedbackpacks:gold_backpack":3,"tombstone:bag_of_seeds":2,"minecraft:mutton":6,"minecraft:gold_nugget":6,"minecraft:sand":17,"iceandfire:ash":2,"born_in_chaos_v1:black_argillite_brick":5,"minecraft:dark_oak_planks":20,"minecraft:white_wool":1,"minecraft:bone":1,"minecraft:gravel":1,"undead_revamp2:huntereye":1,"undead_revamp2:arapholia":1,"born_in_chaos_v1:ethereal_spirit":1,"minecraft:rotten_flesh":66,"alexsmobs:kangaroo_hide":2,"born_in_chaos_v1:corpse_maggot":4,"minecraft:ladder":1,"minecraft:yellow_banner":2,"minecraft:leather_leggings":1,"minecraft:arrow":1,"minecraft:netherrack":1,"minecraft:water_bucket":1,"iceandfire:dragonbone_sword":2,"minecraft:iron_ingot":27,"minecraft:bread":50,"minecraft:wheat_seeds":2,"minecraft:iron_helmet":3,"minecraft:coal":1,"minecraft:oxeye_daisy":1,"minecraft:torch":2,"alexsmobs:leafcutter_ant_chamber":3,"tombstone:grave_dust":10,"minecraft:cactus":1,"minecraft:string":1,"minecraft:bucket":1,"iceandfire:dragonscales_bronze":3,"minecraft:chiseled_sandstone":2,"minecraft:polished_diorite":5,"alexsmobs:maggot":2,"minecraft:stone_sword":1,"minecraft:coarse_dirt":1,"alexsmobs:tarantula_hawk_wing_fragment":1,"iceandfire:myrmex_desert_resin":2,"iceandfire:myrmex_stinger":2,"sophisticatedbackpacks:backpack":1,"minecraft:nether_bricks":4,"minecraft:potato":5,"minecraft:hay_block":41,"minecraft:oak_button":2,"minecraft:bundle":1,"minecraft:iron_chestplate":4,"minecraft:wooden_shovel":1,"farmersdelight:minced_beef":2,"minecraft:brown_bed":1,"minecraft:birch_sign":1,"tombstone:essence_of_undeath":3,"undead_revamp2:clogggerribswithbun":9,"minecraft:sandstone":5,"minecraft:magma_block":1,"epicfight:skillbook":2},"minecraft:custom":{"minecraft:interact_with_crafting_table":40,"minecraft:open_barrel":14,"minecraft:leave_game":4,"minecraft:time_since_death":47271,"minecraft:sprint_one_cm":1628590,"minecraft:drop":146,"minecraft:play_time":277568,"minecraft:deaths":59,"minecraft:jump":7456,"minecraft:interact_with_brewingstand":3,"minecraft:walk_on_water_one_cm":62154,"minecraft:interact_with_furnace":11,"minecraft:sleep_in_bed":14,"minecraft:damage_dealt":52794,"minecraft:player_kills":8,"minecraft:crouch_one_cm":37339,"tombstone:undead_killed":123,"tombstone:villager_killed":10,"minecraft:horse_one_cm":335,"minecraft:interact_with_smithing_table":1,"minecraft:mob_kills":211,"minecraft:damage_dealt_resisted":1326,"minecraft:climb_one_cm":32757,"minecraft:walk_one_cm":1619810,"minecraft:damage_dealt_absorbed":40,"minecraft:sneak_time":6047,"minecraft:walk_under_water_one_cm":31190,"minecraft:total_world_time":277568,"tombstone:raider_killed":1,"minecraft:pot_flower":1,"minecraft:time_since_rest":22652,"minecraft:damage_taken":26282,"minecraft:damage_absorbed":120,"minecraft:trigger_trapped_chest":1,"tombstone:cast_on_ally":3,"minecraft:swim_one_cm":38436,"minecraft:fly_one_cm":3127281,"minecraft:open_chest":195,"minecraft:fall_one_cm":175415},"minecraft:crafted":{"minecraft:oak_planks":16,"minecraft:iron_boots":2,"minecraft:chest":2,"sophisticatedbackpacks:backpack":2,"minecraft:crafting_table":2,"minecraft:iron_helmet":4,"undead_revamp2:clogggerribswithbun":37,"minecraft:hay_block":19,"minecraft:iron_chestplate":2,"minecraft:stick":16,"minecraft:iron_ingot":9,"minecraft:stone_sword":1,"minecraft:coal":9,"iceandfire:dragonbone_sword_fire":1,"minecraft:iron_hoe":1,"iceandfire:armor_bronze_chestplate":1,"minecraft:wheat":538,"sophisticatedbackpacks:iron_backpack":2,"minecraft:coal_block":7,"iceandfire:dragonbone_sword":3,"minecraft:iron_sword":1,"sophisticatedbackpacks:gold_backpack":2,"minecraft:stone_axe":1,"minecraft:bread":182,"minecraft:jungle_planks":24,"minecraft:iron_leggings":2,"minecraft:torch":44},"minecraft:picked_up":{"minecraft:iron_chestplate":1,"minecraft:wheat":10,"minecraft:flower_pot":2,"minecraft:brown_bed":15,"minecraft:string":34,"undead_revamp2:clogggerribswithbun":1,"minecraft:red_nether_bricks":3,"minecraft:iron_leggings":2,"minecraft:gold_nugget":6,"minecraft:bucket":2,"iceandfire:myrmex_desert_resin":4,"minecraft:written_book":2,"minecraft:wooden_shovel":1,"minecraft:iron_pickaxe":1,"born_in_chaos_v1:stimulating_decoction":3,"minecraft:coal_block":3,"minecraft:furnace":2,"minecraft:iron_boots":1,"alexsmobs:leafcutter_ant_chamber":3,"minecraft:tipped_arrow":1,"minecraft:beehive":1,"minecraft:stick":16,"minecraft:torch":17,"minecraft:sandstone_wall":1,"epicfight:skillbook":5,"tombstone:grave_dust":17,"alexsmobs:centipede_leg":1,"undead_revamp2:cloogerribs":37,"minecraft:orange_bed":1,"minecraft:stone_sword":1,"minecraft:cactus":1,"minecraft:light_gray_bed":2,"minecraft:rotten_flesh":93,"minecraft:iron_block":1,"iceandfire:myrmex_desert_chitin":3,"minecraft:blaze_rod":4,"minecraft:iron_bars":1,"undead_revamp2:arapholia":1,"minecraft:cobblestone":145,"minecraft:magma_block":2,"minecraft:water_bucket":1,"minecraft:golden_leggings":1,"minecraft:smoker":1,"minecraft:potato":9,"undead_revamp2:huntereye":1,"skilltree:gem":1,"iceandfire:dragonscales_bronze":11,"minecraft:bone":66,"minecraft:bow":1,"minecraft:wheat_seeds":2,"minecraft:bamboo":2,"minecraft:oak_planks":5,"iceandfire:dragon_skull_fire":1,"minecraft:sand":21,"minecraft:jungle_planks":19,"sophisticatedbackpacks:iron_backpack":1,"minecraft:nether_brick_stairs":3,"minecraft:chiseled_sandstone":3,"iceandfire:myrmex_stinger":2,"undead_revamp2:acidsack":1,"minecraft:bundle":2,"alexsmobs:kangaroo_hide":2,"alexsmobs:tarantula_hawk_wing_fragment":2,"minecraft:emerald":2,"alexsmobs:maggot":2,"minecraft:netherrack":30,"sophisticatedbackpacks:gold_backpack":3,"minecraft:crafting_table":7,"minecraft:coarse_dirt":1,"minecraft:allium":1,"minecraft:sandstone_slab":4,"iceandfire:witherbone":10,"minecraft:leather_leggings":1,"iceandfire:fire_lily":1,"minecraft:gold_block":3,"minecraft:chain":1,"minecraft:iron_axe":1,"born_in_chaos_v1:intoxicating_decoction":2,"born_in_chaos_v1:black_argillite_brick":5,"minecraft:blackstone":1,"minecraft:beef":12,"minecraft:sandstone":13,"iceandfire:dragonbone":19,"sophisticatedbackpacks:backpack":1,"born_in_chaos_v1:pieceofdarkmetal":1,"minecraft:light_blue_bed":1,"minecraft:dark_oak_planks":28,"minecraft:arrow":14,"minecraft:nether_bricks":33,"minecraft:hay_block":169,"minecraft:sandstone_stairs":2,"tombstone:essence_of_undeath":3,"minecraft:mutton":6,"alexsmobs:kangaroo_meat":1,"minecraft:white_wool":1,"minecraft:oxeye_daisy":1,"minecraft:stripped_oak_log":4,"born_in_chaos_v1:corpse_maggot":6,"minecraft:air":0,"minecraft:basalt":1,"born_in_chaos_v1:monster_flesh":1,"minecraft:glow_ink_sac":2,"minecraft:leather":72,"minecraft:red_mushroom":1,"iceandfire:ectoplasm":4,"minecraft:blue_bed":6,"tombstone:gift":1,"minecraft:apple":1,"minecraft:iron_ingot":71,"tombstone:bag_of_seeds":3,"minecraft:gray_bed":2,"minecraft:iron_sword":5,"minecraft:dark_oak_stairs":1,"minecraft:scaffolding":1,"iceandfire:ash":3,"born_in_chaos_v1:ethereal_spirit":1,"minecraft:gravel":2,"minecraft:slime_ball":13,"minecraft:polished_diorite":5,"dynamictrees:jungle_seed":1,"minecraft:iron_helmet":1,"minecraft:birch_sign":1,"minecraft:oak_button":4,"minecraft:red_nether_brick_slab":1,"minecraft:coal":3},"minecraft:mined":{"minecraft:red_nether_brick_slab":1,"sophisticatedbackpacks:gold_backpack":1,"alexsmobs:leafcutter_anthill":1,"minecraft:jungle_leaves":1,"minecraft:red_nether_bricks":2,"minecraft:light_gray_bed":2,"minecraft:coal_block":3,"minecraft:polished_diorite":5,"minecraft:sandstone_stairs":2,"minecraft:spawner":7,"minecraft:magma_block":10,"born_in_chaos_v1:black_argillite_brick_slab":2,"minecraft:fire":30,"minecraft:nether_brick_stairs":3,"minecraft:brown_bed":15,"minecraft:iron_bars":2,"dynamictrees:jungle_undergrowth_leaves":2,"minecraft:iron_block":1,"minecraft:orange_bed":1,"minecraft:brown_mushroom":1,"minecraft:blackstone":1,"minecraft:smoker":1,"minecraft:torch":1,"minecraft:dead_bush":5,"minecraft:cobblestone":7,"minecraft:oak_planks":3,"born_in_chaos_v1:black_argillite_brick":5,"minecraft:grass":5,"minecraft:netherrack":33,"minecraft:nether_bricks":35,"born_in_chaos_v1:black_argillite":3,"alexsmobs:leafcutter_ant_chamber":3,"minecraft:sandstone":2,"minecraft:hay_block":128,"born_in_chaos_v1:black_argillite_column":1,"minecraft:furnace":2,"dynamictrees:oak_undergrowth_leaves":1,"minecraft:chiseled_sandstone":1,"minecraft:andesite":1,"minecraft:gold_block":4,"minecraft:stripped_oak_log":4,"minecraft:stone":138,"minecraft:scaffolding":2,"minecraft:basalt":1,"minecraft:crafting_table":7,"minecraft:tall_grass":3,"born_in_chaos_v1:chipped_black_argillite_brick":3,"minecraft:blue_bed":8,"minecraft:coarse_dirt":1,"minecraft:light_blue_bed":1,"minecraft:gray_bed":2,"minecraft:gravel":1,"minecraft:cobweb":24,"minecraft:fern":1},"minecraft:broken":{"minecraft:iron_boots":2,"minecraft:iron_leggings":1,"undead_revamp2:acidsack":1,"minecraft:iron_helmet":1,"minecraft:golden_pickaxe":1},"minecraft:killed_by":{"undead_revamp2:the_moonflower":1,"born_in_chaos_v1:nightmare_stalker":2,"iceandfire:cyclops":4,"minecraft:wither_skeleton":3,"undead_revamp2:clogger":2,"minecraft:blaze":1,"born_in_chaos_v1:siamese_skeletons":1,"minecraft:zombie":1,"undead_revamp2:thepregnant":1,"iceandfire:fire_dragon":22,"minecraft:husk":3,"minecraft:player":5,"iceandfire:deathworm":2,"minecraft:stray":1,"minecraft:iron_golem":1,"undead_revamp2:thehunter":2,"undead_revamp2:therod":1,"minecraft:skeleton":4,"iceandfire:ghost":2},"minecraft:used":{"undead_revamp2:clogggerribswithbun":10,"minecraft:iron_sword":124,"minecraft:jungle_planks":2,"minecraft:nether_bricks":25,"minecraft:beehive":1,"minecraft:light_blue_bed":1,"minecraft:hay_block":9,"minecraft:written_book":1,"minecraft:scaffolding":1,"minecraft:furnace":1,"minecraft:gray_bed":2,"minecraft:dark_oak_stairs":1,"epicfight:skillbook":14,"minecraft:oak_planks":9,"minecraft:blackstone":1,"minecraft:sandstone":7,"tombstone:scroll_of_true_sight":2,"minecraft:blue_bed":6,"minecraft:golden_apple":4,"minecraft:sand":4,"minecraft:chiseled_sandstone":1,"minecraft:bread":152,"tombstone:grave_key":3,"minecraft:diamond_sword":564,"minecraft:fire_charge":1,"iceandfire:dragon_skull_fire":1,"minecraft:chain":1,"iceandfire:fire_lily":1,"minecraft:golden_pickaxe":131,"minecraft:iron_bars":1,"minecraft:flint_and_steel":2,"minecraft:sandstone_wall":1,"minecraft:netherrack":29,"minecraft:orange_bed":1,"minecraft:torch":47,"minecraft:iron_hoe":105,"minecraft:iron_axe":17,"minecraft:golden_carrot":9,"tombstone:gift":3,"sophisticatedbackpacks:gold_backpack":1,"minecraft:light_gray_bed":2,"minecraft:brown_bed":10,"minecraft:water_bucket":54,"minecraft:red_nether_bricks":3,"minecraft:crafting_table":8,"minecraft:flower_pot":2,"iceandfire:dragonbone_sword_fire":131,"tombstone:tablet_of_assistance":4,"minecraft:oak_button":2,"minecraft:iron_pickaxe":159,"tombstone:magic_scroll":3,"iceandfire:ash":1,"minecraft:stone_axe":5,"minecraft:cobblestone":36,"minecraft:potion":1,"minecraft:bucket":54,"minecraft:sandstone_slab":1,"alexsmobs:animal_dictionary":2}},"DataVersion":3465}