{"stats":{"minecraft:dropped":{"minecraft:bread":3,"minecraft:iron_helmet":1,"iceandfire:ectoplasm":1,"alexsmobs:bison_fur":2,"minecraft:leather_helmet":1,"tombstone:bag_of_seeds":1,"undead_revamp2:the_somnolenceextract":1,"tombstone:grave_dust":5,"minecraft:potion":2,"minecraft:wooden_sword":1,"dynamictrees:cherry_seed":3,"iceandfire:dragon_skull_fire":1,"minecraft:stone_axe":1,"dynamictrees:oak_seed":23,"iceandfire:ghost_ingot":1,"alexsmobs:animal_dictionary":2,"tombstone:gift":1,"undead_revamp2:arapholia":1,"minecraft:charcoal":2,"minecraft:leather_boots":2,"iceandfire:bestiary":1,"epicfight:glove":2,"minecraft:leather_leggings":1},"minecraft:killed":{"undead_revamp2:thehunter":1,"alexsmobs:raccoon":1,"minecraft:spider":2,"undead_revamp2:theswarmer":1,"minecraft:skeleton":18,"minecraft:horse":4,"iceandfire:fire_dragon":1,"minecraft:bee":1,"undead_revamp2:therod":1,"undead_revamp2:thespitter":1,"minecraft:husk":12,"undead_revamp2:the_moonflower":4,"minecraft:iron_golem":1,"minecraft:creeper":1,"undead_revamp2:thesomnolence":5,"minecraft:zombie":7,"iceandfire:ghost":1,"undead_revamp2:theskeeper":1,"minecraft:villager":10,"minecraft:cow":11},"minecraft:picked_up":{"minecraft:crafting_table":5,"minecraft:iron_chestplate":1,"minecraft:charcoal":2,"minecraft:coarse_dirt":7,"minecraft:leather_leggings":5,"minecraft:cooked_rabbit":1,"minecraft:gold_block":2,"minecraft:potion":3,"minecraft:chain":1,"farmersdelight:cutting_board":6,"minecraft:string":13,"minecraft:iron_leggings":1,"minecraft:item_frame":1,"minecraft:armor_stand":6,"minecraft:experience_bottle":3,"minecraft:cyan_carpet":2,"iceandfire:ghost_ingot":2,"iceandfire:bestiary":1,"minecraft:gold_nugget":678,"minecraft:beef":26,"dynamictrees:oak_seed":25,"minecraft:poppy":1,"alexsmobs:raccoon_tail":1,"minecraft:coal_block":10,"minecraft:iron_boots":1,"minecraft:stick":108,"iceandfire:dragonbone":27,"minecraft:stripped_mangrove_wood":1,"iceandfire:dragonscales_gray":5,"iceandfire:troll_tusk":2,"minecraft:copper_ingot":2,"minecraft:torch":2,"epicfight:skillbook":1,"tombstone:grave_dust":2,"minecraft:dark_oak_planks":2,"iceandfire:dragon_skull_ice":2,"minecraft:arrow":15,"minecraft:rotten_flesh":36,"minecraft:shears":1,"minecraft:hay_block":36,"iceandfire:fire_dragon_heart":1,"undead_revamp2:the_somnolenceextract":1,"minecraft:snowball":32,"minecraft:cobblestone":28,"minecraft:leather_chestplate":4,"minecraft:cooked_beef":1,"minecraft:leather":39,"iceandfire:troll_leather_mountain":3,"alexsmobs:bison_fur":2,"minecraft:oak_log":51,"iceandfire:ectoplasm":1,"minecraft:yellow_bed":6,"minecraft:dirt":36,"minecraft:lantern":3,"minecraft:leather_boots":5,"minecraft:bone":11,"iceandfire:pixie_jar_empty":1,"minecraft:wheat_seeds":2,"minecraft:iron_ingot":3,"minecraft:dark_oak_sign":3,"tombstone:bag_of_seeds":1,"minecraft:rabbit":4,"minecraft:iron_sword":2,"minecraft:oak_planks":7,"minecraft:book":3,"minecraft:pumpkin":1,"iceandfire:podium_spruce":1,"iceandfire:ash":1,"iceandfire:dragon_skull_fire":1,"minecraft:blast_furnace":1,"minecraft:spruce_log":3,"minecraft:cyan_bed":8,"minecraft:spider_eye":2,"alexsmobs:animal_dictionary":2,"minecraft:leather_helmet":4,"minecraft:iron_helmet":2,"dynamictrees:cherry_seed":4,"minecraft:emerald":1,"tombstone:magic_scroll":1},"minecraft:killed_by":{"minecraft:husk":13,"undead_revamp2:sucker":2,"undead_revamp2:the_moonflower":4,"minecraft:creeper":1,"minecraft:spider":1,"undead_revamp2:thesomnolence":1,"alexsmobs:bison":1,"undead_revamp2:thehorrors":2,"undead_revamp2:thehunter":1,"minecraft:skeleton":11,"minecraft:zombie":3,"iceandfire:troll":1,"undead_revamp2:thebeartamer":1,"iceandfire:fire_dragon":7},"minecraft:crafted":{"minecraft:wooden_sword":1,"minecraft:oak_planks":120,"minecraft:coal":9,"minecraft:leather_boots":2,"minecraft:iron_nugget":4,"epicfight:glove":2,"iceandfire:armor_gray_helmet":1,"minecraft:chest":2,"minecraft:wheat":162,"sophisticatedbackpacks:backpack":2,"minecraft:crafting_table":3,"minecraft:spruce_planks":4,"minecraft:iron_sword":1,"minecraft:mangrove_planks":4,"minecraft:stone_axe":2,"minecraft:bread":54,"minecraft:air":0,"farmersdelight:cutting_board":1,"minecraft:stick":8,"minecraft:iron_pickaxe":1,"minecraft:gold_ingot":98,"minecraft:torch":44},"minecraft:used":{"minecraft:armor_stand":6,"iceandfire:dragon_skull_ice":1,"minecraft:iron_sword":372,"dynamictrees:oak_seed":2,"minecraft:iron_chestplate":1,"minecraft:torch":18,"minecraft:dirt":8,"minecraft:honey_bottle":4,"minecraft:lantern":3,"minecraft:iron_helmet":9,"minecraft:iron_boots":2,"minecraft:item_frame":1,"farmersdelight:cutting_board":5,"tombstone:gift":3,"minecraft:cooked_beef":1,"minecraft:water_bucket":8,"epicfight:skillbook":1,"minecraft:mangrove_planks":1,"minecraft:glass_bottle":2,"minecraft:dark_oak_sign":3,"minecraft:oak_planks":28,"minecraft:leather_boots":4,"iceandfire:podium_spruce":1,"minecraft:crafting_table":8,"minecraft:blast_furnace":1,"minecraft:spruce_log":2,"minecraft:cake":2,"sophisticatedbackpacks:backpack":1,"dynamictrees:cherry_seed":1,"minecraft:iron_pickaxe":46,"minecraft:bread":47,"minecraft:cyan_bed":8,"minecraft:cyan_carpet":2,"minecraft:leather_helmet":8,"tombstone:grave_key":6,"minecraft:stone_axe":40,"minecraft:wooden_sword":16,"minecraft:potion":2,"minecraft:cooked_rabbit":1,"minecraft:bucket":9,"minecraft:yellow_bed":4,"alexsmobs:animal_dictionary":3,"minecraft:coarse_dirt":7,"minecraft:cobweb":6,"minecraft:experience_bottle":3},"minecraft:custom":{"minecraft:mob_kills":86,"minecraft:interact_with_crafting_table":24,"minecraft:open_barrel":10,"minecraft:damage_dealt_resisted":92,"minecraft:eat_cake_slice":9,"minecraft:leave_game":3,"minecraft:time_since_death":1585,"minecraft:climb_one_cm":5296,"minecraft:sprint_one_cm":601217,"minecraft:walk_one_cm":1020691,"minecraft:drop":32,"minecraft:talked_to_villager":2,"minecraft:play_time":162182,"minecraft:deaths":49,"minecraft:sneak_time":3040,"minecraft:walk_under_water_one_cm":8244,"minecraft:jump":2579,"minecraft:interact_with_blast_furnace":6,"minecraft:walk_on_water_one_cm":13176,"minecraft:total_world_time":162182,"minecraft:interact_with_furnace":10,"minecraft:tune_noteblock":3,"minecraft:sleep_in_bed":9,"minecraft:time_since_rest":1,"minecraft:damage_taken":15910,"minecraft:damage_dealt":18914,"minecraft:swim_one_cm":41499,"minecraft:fly_one_cm":748485,"minecraft:open_chest":54,"minecraft:crouch_one_cm":14078,"tombstone:undead_killed":47,"tombstone:villager_killed":10,"minecraft:fall_one_cm":67730},"minecraft:mined":{"minecraft:dark_oak_planks":2,"minecraft:grass_block":3,"minecraft:white_stained_glass":7,"minecraft:coal_block":10,"minecraft:spawner":3,"minecraft:hay_block":37,"dynamictrees:oak_leaves":6,"minecraft:fire":6,"minecraft:pumpkin":1,"dynamictrees:spruce_leaves":5,"minecraft:gold_block":2,"minecraft:bookshelf":1,"iceandfire:gold_pile":42,"minecraft:stone":25,"minecraft:stripped_mangrove_wood":1,"iceandfire:podium_spruce":1,"iceandfire:pixie_jar_empty":1,"minecraft:crafting_table":6,"minecraft:torch":1,"minecraft:blast_furnace":1,"minecraft:emerald_ore":1,"minecraft:campfire":1,"minecraft:tall_grass":1,"minecraft:cyan_bed":8,"minecraft:oak_planks":6,"minecraft:wall_torch":1,"minecraft:coarse_dirt":7,"minecraft:light_gray_stained_glass":7,"farmersdelight:cutting_board":5,"minecraft:spruce_log":1,"minecraft:yellow_bed":6,"minecraft:grass":5,"minecraft:cyan_carpet":3,"minecraft:dirt":7,"minecraft:cobweb":6,"minecraft:oak_leaves":3}},"DataVersion":3465}