{"stats":{"minecraft:mined":{"minecraft:dark_oak_planks":1,"minecraft:jungle_leaves":3,"minecraft:red_nether_bricks":5,"minecraft:nether_bricks":41,"born_in_chaos_v1:dark_metal_deposit":2,"minecraft:grass_block":2,"sophisticatedbackpacks:iron_backpack":1,"born_in_chaos_v1:black_argillite":7,"iceandfire:chared_dirt":2,"minecraft:frosted_ice":1,"born_in_chaos_v1:gnawed_bones":1,"minecraft:sandstone":6,"minecraft:spawner":10,"minecraft:hay_block":1,"minecraft:magma_block":9,"dynamictrees:oak_undergrowth_leaves":1,"minecraft:carrots":18,"minecraft:red_nether_brick_stairs":1,"born_in_chaos_v1:black_argillite_brick_slab":1,"minecraft:fire":12,"minecraft:andesite":1,"minecraft:nether_brick_stairs":6,"minecraft:gold_block":1,"minecraft:brown_bed":6,"minecraft:potatoes":29,"minecraft:vine":7,"minecraft:deepslate_iron_ore":4,"minecraft:iron_bars":4,"minecraft:stripped_oak_log":10,"dynamictrees:jungle_undergrowth_leaves":2,"minecraft:stone":1,"minecraft:bone_block":1,"sophisticatedbackpacks:backpack":1,"minecraft:sandstone_slab":1,"minecraft:chiseled_nether_bricks":1,"minecraft:crimson_nylium":1,"minecraft:crafting_table":1,"minecraft:dead_bush":1,"minecraft:nether_brick_slab":1,"iceandfire:fire_lily":2,"minecraft:tall_grass":3,"minecraft:cobblestone":2,"born_in_chaos_v1:chipped_black_argillite_brick":1,"farmersdelight:wild_tomatoes":7,"minecraft:oak_planks":1,"minecraft:polished_diorite_stairs":2,"minecraft:wheat":1,"minecraft:gray_bed":1,"iceandfire:ash":11,"born_in_chaos_v1:black_argillite_brick":2,"minecraft:grass":28,"iceandfire:silver_pile":10,"minecraft:beetroots":1,"minecraft:sand":22,"minecraft:dirt":1,"minecraft:sandstone_wall":3,"minecraft:netherrack":6,"minecraft:deepslate":2,"minecraft:fern":3},"minecraft:dropped":{"minecraft:water_bucket":1,"minecraft:iron_ingot":17,"minecraft:bread":21,"minecraft:iron_sword":23,"minecraft:baked_potato":2,"alexsmobs:kangaroo_meat":1,"minecraft:iron_helmet":1,"born_in_chaos_v1:pieceofdarkmetal":1,"minecraft:stick":3,"born_in_chaos_v1:monster_skin":1,"tombstone:grave_key":1,"iceandfire:silver_sword":1,"tombstone:grave_dust":4,"alexsmobs:triops_bucket":1,"minecraft:iron_axe":3,"minecraft:iron_pickaxe":5,"minecraft:iron_shovel":4,"minecraft:string":2,"minecraft:stone_sword":2,"minecraft:cobbled_deepslate":1,"alexsmobs:tarantula_hawk_wing_fragment":1,"minecraft:wheat":1,"iceandfire:witherbone":1,"minecraft:rotten_flesh":2,"minecraft:oak_planks":2,"minecraft:nether_bricks":3,"minecraft:poppy":2,"minecraft:potato":29,"minecraft:shield":1,"minecraft:flower_pot":1,"born_in_chaos_v1:corpse_maggot":2,"iceandfire:lectern":1,"minecraft:red_nether_bricks":1,"minecraft:iron_bars":4,"minecraft:arrow":2},"minecraft:used":{"tombstone:scroll_of_lightning_resistance":1,"minecraft:beetroot":1,"undead_revamp2:clogggerribswithbun":4,"sophisticatedbackpacks:iron_backpack":1,"minecraft:stone_sword":7,"minecraft:iron_shovel":16,"iceandfire:silver_sword":26,"born_in_chaos_v1:ethereal_spirit":3,"minecraft:iron_sword":254,"minecraft:shield":30,"minecraft:red_nether_brick_stairs":1,"minecraft:sandstone_wall":2,"minecraft:dirt":1,"iceandfire:copper_sword":11,"minecraft:nether_bricks":12,"minecraft:carrot":61,"minecraft:nether_brick_stairs":3,"minecraft:dark_oak_planks":18,"farmersdelight:tomato":3,"minecraft:iron_axe":95,"minecraft:iron_helmet":1,"born_in_chaos_v1:gnawed_bones":2,"born_in_chaos_v1:black_argillite_brick":5,"minecraft:goat_horn":12,"minecraft:gray_bed":1,"tombstone:gift":4,"alexsmobs:triops_bucket":1,"minecraft:potato":39,"minecraft:brown_bed":6,"minecraft:water_bucket":29,"farmersdelight:iron_knife":16,"epicfight:skillbook":6,"minecraft:baked_potato":42,"minecraft:red_nether_bricks":5,"minecraft:sandstone":8,"minecraft:cut_sandstone":1,"iceandfire:chared_dirt":2,"minecraft:sand":6,"minecraft:crafting_table":1,"sophisticatedbackpacks:backpack":1,"minecraft:iron_pickaxe":166,"minecraft:birch_fence_gate":2,"minecraft:chiseled_sandstone":1,"minecraft:oak_button":4,"minecraft:bread":45,"iceandfire:ash":8,"minecraft:fire_charge":1,"minecraft:potion":2,"minecraft:bucket":33,"minecraft:sandstone_slab":1,"iceandfire:fire_lily":2},"minecraft:broken":{"minecraft:iron_helmet":1},"minecraft:killed":{"minecraft:zombified_piglin":1,"undead_revamp2:theimmortal":5,"alexsmobs:tarantula_hawk":3,"minecraft:spider":4,"undead_revamp2:thesmoker":1,"alexsmobs:rattlesnake":2,"born_in_chaos_v1:zombie_bruiser":1,"born_in_chaos_v1:maggot":8,"minecraft:skeleton":4,"born_in_chaos_v1:skeleton_thrasher":1,"undead_revamp2:therod":1,"minecraft:drowned":2,"undead_revamp2:thepregnant":1,"born_in_chaos_v1:spiritof_chaos":1,"minecraft:magma_cube":2,"minecraft:husk":6,"alexsmobs:guster":3,"undead_revamp2:the_moonflower":3,"minecraft:iron_golem":1,"born_in_chaos_v1:decrepit_skeleton":3,"iceandfire:cockatrice":1,"born_in_chaos_v1:decaying_zombie":1,"minecraft:zombie":5,"alexsmobs:cockroach":1,"iceandfire:ghost":1,"born_in_chaos_v1:dread_hound":2,"born_in_chaos_v1:corpse_fly":4,"born_in_chaos_v1:dark_vortex":1,"born_in_chaos_v1:nightmare_stalker":1,"alexsmobs:rain_frog":1,"minecraft:glow_squid":1,"born_in_chaos_v1:door_knight":4,"minecraft:wither_skeleton":4,"minecraft:blaze":1,"alexsmobs:jerboa":1},"minecraft:custom":{"minecraft:mob_kills":86,"minecraft:interact_with_crafting_table":15,"minecraft:open_barrel":9,"minecraft:damage_dealt_resisted":1301,"minecraft:leave_game":8,"minecraft:time_since_death":0,"minecraft:climb_one_cm":18931,"minecraft:sprint_one_cm":1225595,"minecraft:walk_one_cm":1104193,"minecraft:damage_blocked_by_shield":2670,"minecraft:drop":127,"minecraft:damage_dealt_absorbed":80,"minecraft:talked_to_villager":4,"minecraft:play_time":231155,"minecraft:sneak_time":2762,"minecraft:deaths":38,"minecraft:walk_under_water_one_cm":35193,"minecraft:jump":4687,"minecraft:walk_on_water_one_cm":44555,"minecraft:total_world_time":231155,"minecraft:interact_with_furnace":4,"minecraft:sleep_in_bed":13,"minecraft:waystone_activated":2,"minecraft:time_since_rest":8259,"minecraft:damage_taken":16356,"minecraft:trigger_trapped_chest":3,"minecraft:damage_dealt":18916,"tombstone:cast_on_ally":4,"minecraft:swim_one_cm":34220,"minecraft:fly_one_cm":2264394,"minecraft:player_kills":5,"minecraft:crouch_one_cm":11853,"minecraft:open_chest":126,"tombstone:undead_killed":44,"minecraft:fall_one_cm":105005},"minecraft:crafted":{"minecraft:oak_planks":36,"minecraft:iron_axe":1,"sophisticatedbackpacks:iron_backpack":1,"minecraft:baked_potato":1,"sophisticatedbackpacks:gold_backpack":1,"minecraft:air":0,"minecraft:shield":1,"minecraft:stick":2,"minecraft:gold_ingot":9},"minecraft:killed_by":{"minecraft:husk":2,"minecraft:player":3,"undead_revamp2:the_moonflower":2,"iceandfire:deathworm":1,"minecraft:wither_skeleton":1,"iceandfire:cyclops":4,"born_in_chaos_v1:zombie_clown":1,"undead_revamp2:clogger":1,"undead_revamp2:thehunter":2,"minecraft:skeleton":1,"minecraft:zombie":3,"alexsmobs:tarantula_hawk":1,"iceandfire:ghost":2,"iceandfire:fire_dragon":10},"minecraft:picked_up":{"minecraft:iron_chestplate":1,"minecraft:crafting_table":1,"minecraft:wheat":5,"minecraft:sandstone_slab":1,"iceandfire:witherbone":4,"iceandfire:fire_lily":2,"minecraft:brown_mushroom":2,"minecraft:brown_bed":6,"minecraft:gold_block":2,"tombstone:grave_key":1,"minecraft:shield":2,"born_in_chaos_v1:black_argillite":6,"born_in_chaos_v1:black_argillite_column":1,"minecraft:string":3,"undead_revamp2:clogggerribswithbun":4,"minecraft:iron_axe":2,"minecraft:red_nether_bricks":5,"minecraft:iron_shovel":2,"born_in_chaos_v1:black_argillite_brick":6,"minecraft:beetroot":1,"minecraft:cobbled_deepslate":1,"minecraft:bucket":3,"born_in_chaos_v1:gnawed_bones":2,"minecraft:poppy":2,"minecraft:iron_pickaxe":2,"minecraft:tipped_arrow":1,"minecraft:raw_iron":3,"minecraft:stick":3,"minecraft:sandstone":6,"iceandfire:dragonbone":3,"born_in_chaos_v1:shattered_skull":1,"minecraft:copper_ingot":3,"minecraft:torch":2,"sophisticatedbackpacks:backpack":2,"minecraft:sandstone_wall":5,"epicfight:skillbook":2,"farmersdelight:tomato_seeds":6,"tombstone:grave_dust":7,"born_in_chaos_v1:nightmare_claw":1,"born_in_chaos_v1:pieceofdarkmetal":5,"minecraft:carrot":66,"minecraft:chiseled_nether_bricks":1,"minecraft:dark_oak_planks":21,"minecraft:stone_sword":1,"minecraft:arrow":5,"minecraft:rotten_flesh":50,"minecraft:beetroot_seeds":2,"minecraft:nether_bricks":39,"iceandfire:chared_dirt":2,"iceandfire:fire_dragon_heart":1,"minecraft:blaze_rod":1,"minecraft:iron_bars":5,"alexsmobs:kangaroo_meat":1,"minecraft:white_wool":1,"minecraft:cobblestone":3,"minecraft:stripped_oak_log":9,"born_in_chaos_v1:corpse_maggot":9,"minecraft:magma_block":6,"minecraft:feather":2,"born_in_chaos_v1:monster_flesh":5,"minecraft:water_bucket":1,"minecraft:andesite":1,"minecraft:potato":106,"minecraft:oak_log":1,"born_in_chaos_v1:black_argillite_button":2,"farmersdelight:tomato":3,"skilltree:gem":1,"minecraft:dirt":3,"iceandfire:dragonscales_bronze":3,"born_in_chaos_v1:monster_skin":2,"minecraft:bone":23,"minecraft:red_nether_brick_stairs":1,"minecraft:wheat_seeds":8,"minecraft:iron_ingot":22,"minecraft:cooked_chicken":2,"born_in_chaos_v1:chipped_black_argillite_brick":1,"tombstone:bag_of_seeds":1,"minecraft:gray_bed":1,"minecraft:iron_sword":21,"iceandfire:fire_dragon_flesh":2,"minecraft:oak_planks":2,"minecraft:scaffolding":1,"minecraft:sweet_berries":1,"iceandfire:dragonbone_sword":1,"iceandfire:ash":8,"born_in_chaos_v1:ethereal_spirit":2,"iceandfire:dragon_skull_fire":1,"minecraft:birch_fence_gate":3,"born_in_chaos_v1:dark_rod":1,"minecraft:sand":23,"sophisticatedbackpacks:iron_backpack":1,"minecraft:nether_brick_stairs":5,"minecraft:nether_brick_slab":1,"minecraft:chiseled_sandstone":1,"minecraft:bundle":1,"minecraft:polished_diorite_stairs":2,"minecraft:slime_ball":4,"born_in_chaos_v1:black_argillite_brick_slab":4,"minecraft:iron_helmet":1,"alexsmobs:rattlesnake_rattle":2,"alexsmobs:tarantula_hawk_wing_fragment":1,"minecraft:bread":21,"minecraft:oak_button":3,"minecraft:baked_potato":2,"minecraft:netherrack":6,"iceandfire:silver_nugget":56,"minecraft:crimson_roots":1}},"DataVersion":3465}